dgp,config_name,pi_L,n,R,protocol,method_id,method_label,lambda_rule,clip,per_arm,variance,si_variance,alpha,target,seed,true_tau,n_valid,bias,rel_bias,rmse,coverage,ci_width,rejection,cdr,relative_efficiency,mc_se_bias,mc_se_rmse,mc_se_coverage,mc_se_ci_width,mc_se_rejection,mc_se_cdr,analysis,cell,mean_c,method_key,param_cell,param_dgp_id,param_rho,rho,table_label
1,DGP1 piL=0.05,0.05,10000,500,allunits_crossfit,0,Labeled-Only,,,,,,0.05,ATE,42,0.15,500,0.01175739545570741,7.838263637138273,0.14018911186259425,0.958,,,,1.0,0.0062536163063988395,0.004788130536371963,0.00897061870775924,,,,adaptive_c,DGP1 piL=0.05,,lo,DGP1 piL=0.05,1,,,LO
1,DGP1 piL=0.05,0.05,10000,500,allunits_crossfit,-1,Hybrid (c=1.5),,,,,,0.05,ATE,42,0.15,500,0.004779939017293036,3.1866260115286913,0.05679981851601049,0.958,,,,2.4681260526048745,0.0025336894635058053,0.002746669133476706,0.00897061870775924,,,,adaptive_c,DGP1 piL=0.05,1.5,hybrid_c1.5,DGP1 piL=0.05,1,,,hybrid c=1.5
1,DGP1 piL=0.05,0.05,10000,500,allunits_crossfit,-1,Hybrid (adaptive c),,,,,,0.05,ATE,42,0.15,500,0.0047552507517574965,3.170167167838331,0.05654753989911517,0.958,,,,2.479137237671198,0.0025224490512778344,0.0027408506360808156,0.00897061870775924,,,,adaptive_c,DGP1 piL=0.05,1.527,hybrid_adaptive,DGP1 piL=0.05,1,,,hybrid adaptive
1,DGP1 piL=0.20,0.2,10000,500,allunits_crossfit,0,Labeled-Only,,,,,,0.05,ATE,42,0.15,500,0.0019271779662185593,1.284785310812373,0.06817230641794421,0.95,,,,1.0,0.0030505918961228782,0.0022976427846993375,0.00974679434480897,,,,adaptive_c,DGP1 piL=0.20,,lo,DGP1 piL=0.20,1,,,LO
1,DGP1 piL=0.20,0.2,10000,500,allunits_crossfit,-1,Hybrid (c=1.5),,,,,,0.05,ATE,42,0.15,500,0.0010266727785220881,0.6844485190147255,0.03573365103808918,0.962,,,,1.9077901204463559,0.0015989975313445734,0.0014951686889304596,0.008550555537507495,,,,adaptive_c,DGP1 piL=0.20,1.5,hybrid_c1.5,DGP1 piL=0.20,1,,,hybrid c=1.5
1,DGP1 piL=0.20,0.2,10000,500,allunits_crossfit,-1,Hybrid (adaptive c),,,,,,0.05,ATE,42,0.15,500,0.0010426140426817694,0.695076028454513,0.03561354003519551,0.962,,,,1.9142243750711696,0.0015935976551708668,0.001489535998488833,0.008550555537507495,,,,adaptive_c,DGP1 piL=0.20,1.5272000000000001,hybrid_adaptive,DGP1 piL=0.20,1,,,hybrid adaptive
1,DGP1 piL=0.50,0.5,10000,500,allunits_crossfit,0,Labeled-Only,,,,,,0.05,ATE,42,0.15,500,0.0014887012368412,0.9924674912274667,0.04373053422320974,0.952,,,,1.0,0.001956512885081125,0.0013543254251910347,0.009559916317625384,,,,adaptive_c,DGP1 piL=0.50,,lo,DGP1 piL=0.50,1,,,LO
1,DGP1 piL=0.50,0.5,10000,500,allunits_crossfit,-1,Hybrid (c=1.5),,,,,,0.05,ATE,42,0.15,500,0.0007398264289606287,0.4932176193070858,0.029329785977806114,0.946,,,,1.4909939764409017,0.001312563770649598,0.0010190396364590996,0.010107818755794947,,,,adaptive_c,DGP1 piL=0.50,1.5,hybrid_c1.5,DGP1 piL=0.50,1,,,hybrid c=1.5
1,DGP1 piL=0.50,0.5,10000,500,allunits_crossfit,-1,Hybrid (adaptive c),,,,,,0.05,ATE,42,0.15,500,0.0007713731835274739,0.514248789018316,0.029272877330685978,0.946,,,,1.4938925794413855,0.0013099789123339988,0.001016378517512283,0.010107818755794947,,,,adaptive_c,DGP1 piL=0.50,1.529,hybrid_adaptive,DGP1 piL=0.50,1,,,hybrid adaptive
2,DGP2 rho=0.2,0.2,10000,500,allunits_crossfit,0,Labeled-Only,,,,,,0.05,ATE,42,0.1875,500,0.001927177966218566,1.027828248649902,0.0681723064179442,0.95,,,,1.0,0.0030505918961228782,0.0022976427846993362,0.00974679434480897,,,,adaptive_c,DGP2 rho=0.2,,lo,DGP2 rho=0.2,2,0.2,0.2,LO
2,DGP2 rho=0.2,0.2,10000,500,allunits_crossfit,-1,Hybrid (c=1.5),,,,,,0.05,ATE,42,0.1875,500,-0.011818069123237024,-6.302970199059746,0.04167515755131881,0.944,,,,1.635802008282675,0.0017890515389639874,0.0013369733295284152,0.010282412168358165,,,,adaptive_c,DGP2 rho=0.2,1.5,hybrid_c1.5,DGP2 rho=0.2,2,0.2,0.2,hybrid c=1.5
2,DGP2 rho=0.2,0.2,10000,500,allunits_crossfit,-1,Hybrid (adaptive c),,,,,,0.05,ATE,42,0.1875,500,-0.011913265265528546,-6.353741474948558,0.04162952916459221,0.942,,,,1.6375949424844278,0.0017856541489989725,0.0013324837787064075,0.010453324829928518,,,,adaptive_c,DGP2 rho=0.2,1.5241,hybrid_adaptive,DGP2 rho=0.2,2,0.2,0.2,hybrid adaptive
2,DGP2 rho=0.4,0.2,10000,500,allunits_crossfit,0,Labeled-Only,,,,,,0.05,ATE,42,0.25,500,0.001927177966218565,0.770871186487426,0.06817230641794421,0.95,,,,1.0,0.0030505918961228782,0.0022976427846993354,0.00974679434480897,,,,adaptive_c,DGP2 rho=0.4,,lo,DGP2 rho=0.4,2,0.4,0.4,LO
2,DGP2 rho=0.4,0.2,10000,500,allunits_crossfit,-1,Hybrid (c=1.5),,,,,,0.05,ATE,42,0.25,500,-0.018521504457085284,-7.408601782834114,0.054653268640821887,0.94,,,,1.247360095989293,0.002301839312372607,0.001579579706645215,0.010620734437881408,,,,adaptive_c,DGP2 rho=0.4,1.5,hybrid_c1.5,DGP2 rho=0.4,2,0.4,0.4,hybrid c=1.5
2,DGP2 rho=0.4,0.2,10000,500,allunits_crossfit,-1,Hybrid (adaptive c),,,,,,0.05,ATE,42,0.25,500,-0.01868023357802067,-7.472093431208268,0.05471988848038275,0.94,,,,1.245841472107243,0.002302440575293474,0.001578206540839237,0.010620734437881408,,,,adaptive_c,DGP2 rho=0.4,1.5172999999999999,hybrid_adaptive,DGP2 rho=0.4,2,0.4,0.4,hybrid adaptive
9,DGP9,0.2,10000,500,allunits_crossfit,0,Labeled-Only,,,,,,0.05,ATE,42,0.41000000000000003,500,0.0017935432570440044,0.43744957488878156,0.05935209753099011,0.936,,,,1.0,0.0026557513811770474,0.0018707431130845795,0.01094568408095172,,,,adaptive_c,DGP9,,lo,DGP9,9,,,LO
9,DGP9,0.2,10000,500,allunits_crossfit,-1,Hybrid (c=1.5),,,,,,0.05,ATE,42,0.41000000000000003,500,-0.0040222245327955165,-0.981030373852565,0.04888807327476684,0.938,,,,1.2140404306263424,0.0021811110304860953,0.0015104874791519018,0.010784804124322337,,,,adaptive_c,DGP9,1.5,hybrid_c1.5,DGP9,9,,,hybrid c=1.5
9,DGP9,0.2,10000,500,allunits_crossfit,-1,Hybrid (adaptive c),,,,,,0.05,ATE,42,0.41000000000000003,500,-0.004197660207240817,-1.0238195627416626,0.048919424813501235,0.94,,,,1.2132623749617264,0.0021818571325433653,0.0015123388510831495,0.010620734437881408,,,,adaptive_c,DGP9,1.5450000000000002,hybrid_adaptive,DGP9,9,,,hybrid adaptive
