t,method,R,n_t,n_L,pi_L_formula,pi_L_realized,mean_width,mc_se_width,coverage,mc_se_coverage,power,mc_se_power
2.5,LO,1000,6251,1250,0.2,0.20002886327539993,0.3502614772659762,0.00025273444317903363,0.953,0.00669260786241059,0.373,0.015292841462592882
2.5,SI,1000,6251,1250,0.2,0.20002886327539993,0.12236409066347022,9.635778492441962e-05,0.953,0.00669260786241059,0.997,0.0017294507798720387
2.5,PPI++,1000,6251,1250,0.2,0.20002886327539993,0.2535386200089319,0.00016591135609660007,0.944,0.007270763371201131,0.612,0.015409607392792329
2.5,PPI++ (plug-in lambda),1000,6251,1250,0.2,0.20002886327539993,0.256641794703228,0.00015450182835791604,0.945,0.007209368904418752,0.603,0.01547226550961429
3.0,LO,1000,7501,2501,0.3333333333333333,0.3333813488513562,0.24759129620027123,0.00012197616604431583,0.949,0.006956938982052382,0.652,0.015063067416698366
3.0,SI,1000,7501,2501,0.3333333333333333,0.3333813488513562,0.11126830009557023,6.316480175799599e-05,0.96,0.00619677335393187,1.0,0.0
3.0,PPI++,1000,7501,2501,0.3333333333333333,0.3333813488513562,0.1920874725542373,8.80208776428817e-05,0.953,0.00669260786241059,0.86,0.010972693379476163
3.0,PPI++ (plug-in lambda),1000,7501,2501,0.3333333333333333,0.3333813488513562,0.19599519893302245,7.658155953344287e-05,0.956,0.006485676526007139,0.846,0.011414201680362933
3.5,LO,1000,8751,3750,0.42857142857142855,0.42855456939816056,0.20216972161281238,8.278437391938192e-05,0.952,0.006759881655768837,0.806,0.012504559168559281
3.5,SI,1000,8751,3750,0.42857142857142855,0.42855456939816056,0.10288757985146146,5.032899760028359e-05,0.953,0.00669260786241059,1.0,0.0
3.5,PPI++,1000,8751,3750,0.42857142857142855,0.42855456939816056,0.1640332740387033,6.232141260496203e-05,0.95,0.006892024376045114,0.947,0.007084560677981384
3.5,PPI++ (plug-in lambda),1000,8751,3750,0.42857142857142855,0.42855456939816056,0.16781459744765231,5.5227621990971076e-05,0.96,0.00619677335393187,0.941,0.007451107300260817
4.0,LO,1000,10000,5000,0.5,0.4999925,0.17503917694362361,6.213704415034697e-05,0.944,0.007270763371201131,0.914,0.008865889690267975
4.0,SI,1000,10000,5000,0.5,0.4999925,0.09615449104122434,4.08093449325107e-05,0.953,0.00669260786241059,1.0,0.0
4.0,PPI++,1000,10000,5000,0.5,0.4999925,0.1465477001720878,4.909446768072635e-05,0.958,0.006343185319695463,0.987,0.0035820385257559714
4.0,PPI++ (plug-in lambda),1000,10000,5000,0.5,0.4999925,0.1499797010700253,4.39753906758875e-05,0.95,0.006892024376045114,0.979,0.00453420334788814
4.5,LO,1000,10000,6251,0.625,0.625052,0.1565586691069349,4.835359408611544e-05,0.938,0.00762600813007697,0.952,0.006759881655768837
4.5,SI,1000,10000,6251,0.625,0.625052,0.09608145751955342,3.817547185474471e-05,0.953,0.00669260786241059,1.0,0.0
4.5,PPI++,1000,10000,6251,0.625,0.625052,0.13788832334440576,4.1835727801325305e-05,0.952,0.006759881655768837,0.994,0.002442130217658347
4.5,PPI++ (plug-in lambda),1000,10000,6251,0.625,0.625052,0.1407994010838774,3.826824335197694e-05,0.95,0.006892024376045114,0.988,0.003443254274665176
5.0,LO,1000,10000,7501,0.75,0.750067,0.14288989398982282,3.877708827560513e-05,0.947,0.007084560677981384,0.987,0.0035820385257559714
5.0,SI,1000,10000,7501,0.75,0.750067,0.09600589745785297,3.5400285700728286e-05,0.954,0.006624499981130654,1.0,0.0
5.0,PPI++,1000,10000,7501,0.75,0.750067,0.13177609265384135,3.545478085320363e-05,0.951,0.006826346021115546,0.997,0.0017294507798720387
5.0,PPI++ (plug-in lambda),1000,10000,7501,0.75,0.750067,0.13388383415608995,3.33525840372068e-05,0.952,0.006759881655768837,0.994,0.002442130217658347
6.0,LO,1000,10000,10000,1.0,1.0,0.1237537496447608,2.7415915015611827e-05,0.958,0.006343185319695463,0.999,0.0009994998749374613
6.0,SI,1000,10000,10000,1.0,1.0,0.09595660882750165,3.287915910297023e-05,0.954,0.006624499981130654,1.0,0.0
6.0,PPI++,1000,10000,10000,1.0,1.0,0.1237537496447608,2.7415915015611827e-05,0.958,0.006343185319695463,0.999,0.0009994998749374613
6.0,PPI++ (plug-in lambda),1000,10000,10000,1.0,1.0,0.1237537496447608,2.7415915015611827e-05,0.958,0.006343185319695463,0.999,0.0009994998749374613
