n,prediction_model,component,median_time_s,mean_time_s,min_time_s,max_time_s
1000,ols,prediction,0.0002079994999999446,0.000215295949999994,0.00020383300000004212,0.00029933400000003996
1000,ols,LO,5.5062500000035985e-05,5.7441600000018854e-05,5.0625000000081855e-05,9.587499999996751e-05
1000,ols,NS,0.00010643750000005614,0.00010881869999999627,0.00010341599999996731,0.0001443750000000854
1000,ols,SI,0.00024610399999996924,0.0002510998999999958,0.00024141700000002153,0.00031404099999998714
1000,ols,PPI++,0.00021106250000002547,0.00021305839999998243,0.00020729200000002557,0.00023479199999998368
1000,ols,GREG,0.00019393749999996324,0.0001944332499999868,0.0001906669999999222,0.0002046249999999583
1000,ols,CP,5.4125000000015966e-05,5.454374999999123e-05,5.299999999996974e-05,6.008400000001579e-05
1000,ols,AIPW,6.45834999999928e-05,6.599795000001297e-05,6.304099999998591e-05,7.950000000001012e-05
1000,ols,PPI++ Boot,0.025452728999999952,0.025610495850000015,0.025345042000000095,0.027474832999999976
1000,ols,PPI++ Corr,0.0002181869999999808,0.0002199437500000012,0.00021300000000001873,0.0002403340000000087
1000,ols,Hybrid CI (M=10k),0.0005788744999999373,0.0005890083499999865,0.0005312079999999497,0.0007540829999999055
5000,ols,prediction,0.00040922900000006646,0.00041392494999998864,0.00040549999999983655,0.00044254200000004573
5000,ols,LO,9.747849999997005e-05,9.804170000002888e-05,9.629200000005333e-05,0.00010212500000017499
5000,ols,NS,0.00024070850000001975,0.000240854200000018,0.00023704100000010442,0.00024850000000009587
5000,ols,SI,0.0007857709999998796,0.0007998332999999969,0.0007760839999999547,0.0009871660000000393
5000,ols,PPI++,0.00044277099999989744,0.0004445187499999781,0.0004375829999998526,0.00048525000000010365
5000,ols,GREG,0.00040850000000003384,0.0004090916000000111,0.00040400000000007097,0.0004264170000001233
5000,ols,CP,0.00013254200000001326,0.00013305430000003503,0.00012983399999999534,0.000146458000000127
5000,ols,AIPW,0.00015012500000000095,0.00015110629999997015,0.00014812499999994344,0.00016495800000004834
5000,ols,PPI++ Boot,0.048787687000000024,0.04884711449999999,0.048578542,0.049769749999999835
5000,ols,PPI++ Corr,0.0004526874999999375,0.00045486869999998846,0.00044762500000006256,0.0004823330000001125
5000,ols,Hybrid CI (M=10k),0.0005710000000000992,0.0005769625000000111,0.0005197920000001854,0.0006548330000000213
10000,ols,prediction,0.0006502289999998911,0.0006557582999999534,0.0006469999999998421,0.0006858749999998359
10000,ols,LO,0.00015060450000015102,0.00015158140000006703,0.00014837500000020043,0.00015795900000004082
10000,ols,NS,0.000407270500000223,0.000409195799999984,0.0004025829999996233,0.00044862500000020233
10000,ols,SI,0.001485083500000206,0.0014955999999999748,0.0014698339999998922,0.0016217499999999774
10000,ols,PPI++,0.0007494169999999745,0.0007490416999999417,0.0007397919999996283,0.000759167000000005
10000,ols,GREG,0.0007073335000000736,0.0007069707500000133,0.0006921249999995993,0.0007147920000001307
10000,ols,CP,0.0002473124999999854,0.00024752909999998797,0.00024441699999977473,0.00025087499999987273
10000,ols,AIPW,0.00027489600000007997,0.0002751416000000839,0.0002721250000004005,0.0002786249999999768
10000,ols,PPI++ Boot,0.07724179200000014,0.07730018949999998,0.07697145800000005,0.07790154099999969
10000,ols,PPI++ Corr,0.000749625000000087,0.0007549021000000211,0.0007404580000001104,0.0008195419999998954
10000,ols,Hybrid CI (M=10k),0.0005656250000001251,0.000578389650000033,0.0005160840000000277,0.000661542000000015
50000,ols,prediction,0.002969666999999454,0.0029939626000000663,0.0028652920000000748,0.0033404160000003458
50000,ols,LO,0.0005839999999999179,0.0005872188500001041,0.0005754590000002224,0.0006123750000002204
50000,ols,NS,0.0017249585000000955,0.0017340125000000928,0.0017076660000006072,0.0018116250000002054
50000,ols,SI,0.00737093749999973,0.0073889209999999485,0.007217291999999986,0.007649084000000528
50000,ols,PPI++,0.0032297914999999122,0.0032577167999997326,0.0031553339999996766,0.0035738750000007258
50000,ols,GREG,0.0031916874999993183,0.0032036562000000044,0.003128709000000285,0.003451500000000607
50000,ols,CP,0.0011357714999995494,0.001142514599999922,0.0011259169999995322,0.0011869159999999823
50000,ols,AIPW,0.0013516459999998176,0.0013504438499999162,0.0012786670000002331,0.0014567499999991185
50000,ols,PPI++ Boot,0.30551347950000096,0.30621777920000004,0.3016587079999997,0.31494862499999954
50000,ols,PPI++ Corr,0.003259250000000158,0.0032828771000003253,0.0031676250000014505,0.003457749999999926
50000,ols,Hybrid CI (M=10k),0.0007012704999995734,0.0007099832499999348,0.0005919169999994978,0.0008267919999997986
100000,ols,prediction,0.00574858349999996,0.005856508200000654,0.005590666999999883,0.006335999999999231
100000,ols,LO,0.0011102914999998603,0.001114279050000011,0.0011030830000002823,0.0011559580000000125
100000,ols,NS,0.003358916999999906,0.0033627167000003233,0.003329583999999386,0.003478957999998755
100000,ols,SI,0.014977729499999981,0.014985489549999897,0.014796541999999135,0.015173125000000454
100000,ols,PPI++,0.006308145999998516,0.006314366699999763,0.0062090420000000535,0.006455582999997489
100000,ols,GREG,0.006203291500000319,0.006208572850000049,0.006116708000000415,0.006302999999999059
100000,ols,CP,0.0022394999999981735,0.0022448123999996737,0.0022226249999999226,0.0023202500000003567
100000,ols,AIPW,0.002693375000000664,0.002691797850000466,0.0025926250000019024,0.002764041999999023
100000,ols,PPI++ Boot,0.6041206254999993,0.6042339353999998,0.5955449160000015,0.617195332999998
100000,ols,PPI++ Corr,0.006400000000000183,0.0063932499000000755,0.006176790999997905,0.006886667000001623
100000,ols,Hybrid CI (M=10k),0.0008350415000011324,0.0008159416499998074,0.0007076250000004336,0.0009477079999982152
1000,gbt,prediction,0.0726161670000014,0.0887322042000001,0.07164449999999789,0.396042125000001
1000,gbt,LO,6.118699999824173e-05,6.261874999999862e-05,5.829099999843379e-05,7.337499999948704e-05
1000,gbt,NS,0.0001155835000012928,0.00011790020000006507,0.00011287500000278783,0.00013620799999713995
1000,gbt,SI,5.166650000099082e-05,5.18146000004549e-05,5.03340000008734e-05,5.4625000000640966e-05
1000,gbt,PPI++,0.0002134165000011734,0.00021524155000047785,0.0002097499999997865,0.00022712500000210412
1000,gbt,GREG,0.00019618700000023637,0.00019650624999947297,0.00019229199999770685,0.00020062500000150862
1000,gbt,CP,5.495849999981317e-05,5.521674999986459e-05,5.387499999898182e-05,5.8083000002540075e-05
1000,gbt,AIPW,6.724950000069896e-05,6.837279999984957e-05,6.47499999999468e-05,7.599999999996498e-05
1000,gbt,PPI++ Boot,0.025611707999999567,0.025587568649999247,0.025266084000001854,0.0256884169999978
1000,gbt,PPI++ Corr,0.0002196459999996847,0.000220224999999985,0.00021558300000279473,0.000227541999997527
1000,gbt,Hybrid CI (M=10k),0.0006942500000004515,0.0007227063500002018,0.0006331670000001566,0.0008804580000010276
5000,gbt,prediction,0.32913899999999785,0.3290342000499997,0.3259540409999957,0.3311443749999974
5000,gbt,LO,0.00010799999999910881,0.00010931465000023622,0.00010345899999819608,0.0001241249999992533
5000,gbt,NS,0.0002527294999978835,0.00025424169999972436,0.000245041999999529,0.000269124999999093
5000,gbt,SI,0.0001362085000025104,0.00013682495000040263,0.00013262499999910915,0.000142290999999517
5000,gbt,PPI++,0.0004372085000010628,0.0004374832999999967,0.00042975000000211594,0.00044745799999645897
5000,gbt,GREG,0.0004120420000006675,0.0004124688500006357,0.0004041670000027864,0.00042145900000178926
5000,gbt,CP,0.00013427100000029668,0.0001349206499995148,0.00013033299999776204,0.00014295800000141412
5000,gbt,AIPW,0.00015475049999835733,0.00015699789999921166,0.00014991700000166475,0.0001681249999982981
5000,gbt,PPI++ Boot,0.048785374999999576,0.04872655204999994,0.048041416000000225,0.049134625000000653
5000,gbt,PPI++ Corr,0.00045479100000100914,0.00045421854999965204,0.0004404579999999214,0.00046304199999980256
5000,gbt,Hybrid CI (M=10k),0.000784374999998505,0.000764322949999574,0.0006139999999987822,0.0009251249999984168
10000,gbt,prediction,0.6979012709999992,0.6999060499999998,0.6910594169999982,0.7225775830000032
10000,gbt,LO,0.00016860399999529818,0.00017139599999964615,0.0001642499999974234,0.0001986669999993751
10000,gbt,NS,0.0004314164999996706,0.0004868374500009764,0.0004159169999979895,0.0007897919999990677
10000,gbt,SI,0.00025131199999961495,0.0002764042000009681,0.0002425420000022882,0.0003511669999980427
10000,gbt,PPI++,0.0007384790000024566,0.0007660875500008046,0.0007273749999967549,0.0008277080000027581
10000,gbt,GREG,0.0007038749999992433,0.0007289228999997732,0.0006934580000006463,0.000788165999999535
10000,gbt,CP,0.0002457709999994506,0.00027202910000063697,0.0002412080000055994,0.00032858299999816154
10000,gbt,AIPW,0.000300291500000327,0.0002965396500002271,0.0002766250000050263,0.0003192499999968845
10000,gbt,PPI++ Boot,0.08147660399999879,0.08180096870000035,0.08008900000000096,0.08420362500000067
10000,gbt,PPI++ Corr,0.0007472294999963935,0.000769935449998016,0.0007292089999992868,0.0008350829999983489
10000,gbt,Hybrid CI (M=10k),0.0007158124999975257,0.0007287770499999624,0.0006351669999986598,0.0008928329999946527
50000,gbt,prediction,4.314735688000006,4.3176873167,4.298100083999998,4.353753000000005
50000,gbt,LO,0.0006802285000020447,0.0006986770999994008,0.0005977909999899111,0.0009781669999995302
50000,gbt,NS,0.001922624500004133,0.001874137500000117,0.0017008749999973816,0.002019666000009579
50000,gbt,SI,0.0012620625000039354,0.0012381085000011892,0.0011148339999920154,0.0013700420000049007
50000,gbt,PPI++,0.003591479499995387,0.0034555145999956237,0.0031074169999953938,0.003666499999994244
50000,gbt,GREG,0.0034990829999976825,0.00339280839999887,0.0030760839999999234,0.0035760829999986754
50000,gbt,CP,0.0012003124999964143,0.00117659164999786,0.0011103750000103219,0.0012152079999978582
50000,gbt,AIPW,0.001509416499999361,0.0014531312500015048,0.00126574999998752,0.0015455000000059727
50000,gbt,PPI++ Boot,0.30398664599999137,0.3044177625999975,0.3019377090000006,0.30708183399998745
50000,gbt,PPI++ Corr,0.0032358750000014425,0.0032735853499996637,0.003112208000004557,0.0036121669999999995
50000,gbt,Hybrid CI (M=10k),0.0006776250000015693,0.0006873208500021377,0.0006076250000006667,0.0007592089999945983
100000,gbt,prediction,9.233974082999993,9.2383105792,9.210553667,9.29024075000001
100000,gbt,LO,0.001230666500021016,0.001272947950000969,0.0011095410000052652,0.0016413749999912852
100000,gbt,NS,0.0036084585000253355,0.0035789146500036393,0.0033205830000042624,0.003927666999970825
100000,gbt,SI,0.0024108124999600022,0.0023780978999923263,0.002224582999986069,0.002440749999976788
100000,gbt,PPI++,0.0066956665000077464,0.0066209000999990055,0.006123791999982586,0.0069697920000066915
100000,gbt,GREG,0.006606521000009025,0.006526570799994147,0.0060601669999869046,0.006657582999991973
100000,gbt,CP,0.002400041499996064,0.002345847799990963,0.0021925830000100177,0.0024462499999913234
100000,gbt,AIPW,0.0028140410000077054,0.0028458706999970216,0.002621665999981815,0.003497416999948655
100000,gbt,PPI++ Boot,0.5993430215000046,0.6014247522999951,0.5907000419999804,0.6217825839999591
100000,gbt,PPI++ Corr,0.006411395999990077,0.00638243134999783,0.006068416999994497,0.0068295419999913065
100000,gbt,Hybrid CI (M=10k),0.000696708500001364,0.0006985125499994638,0.0006176250000180517,0.0007824169999821606
