dgp,config_name,pi_L,n,R,protocol,method_id,method_label,lambda_rule,clip,per_arm,variance,si_variance,alpha,target,seed,true_tau,n_valid,bias,rel_bias,rmse,coverage,ci_width,rejection,cdr,relative_efficiency,mc_se_bias,mc_se_rmse,mc_se_coverage,mc_se_ci_width,mc_se_rejection,mc_se_cdr,analysis,column,mean_delta_V,mean_var_hat,param_block,param_pi_L
1,DGP1_piL0.05,0.05,10000,2000,allunits_crossfit,3,"PPI++ (plug-in lambda, plug-in variance)",plugin,True,False,plugin,,0.05,ATE,42,0.14999999999999994,2000,-0.00378199407332786,-2.5213293822185743,0.09310753112767152,0.949,0.36568179810568985,,,,0.002080749671718824,,0.004919298730510276,,,,corrected_variance_verification,pluginrule_plugin,,0.00871022331996119,pluginrule,0.05
1,DGP1_piL0.05,0.05,10000,2000,allunits_crossfit,8,"PPI++ (plug-in lambda, clipped)",plugin,True,False,exact,,0.05,ATE,42,0.14999999999999994,2000,-0.00378199407332786,-2.5213293822185743,0.09310753112767152,0.949,0.36695192670504323,,,,0.002080749671718824,,0.004919298730510276,,,,corrected_variance_verification,pluginrule_exact,6.051930533986972e-05,0.00877074262530106,pluginrule,0.05
1,DGP1_piL0.05,0.05,10000,2000,allunits_crossfit,7,PPI++ (bootstrap variance),plugin,True,False,bootstrap,,0.05,ATE,42,0.14999999999999994,2000,-0.00378199407332786,-2.5213293822185743,0.09310753112767152,0.941,0.3597660601782721,,,,0.002080749671718824,,0.005268728499363013,,,,corrected_variance_verification,pluginrule_boot,,0.008809041509833328,pluginrule,0.05
1,DGP1_piL0.05,0.05,10000,2000,allunits_crossfit,3,PPI++ (plug-in variance),exact,False,False,plugin,,0.05,ATE,42,0.14999999999999994,2000,-0.0037654112762176297,-2.5102741841450875,0.09291465252206507,0.9525,0.3667221718657438,,,,0.0020764472018569517,,0.00475624589355933,,,,corrected_variance_verification,primary_plugin,,0.008760162302381445,primary,0.05
1,DGP1_piL0.05,0.05,10000,2000,allunits_crossfit,3,PPI++,exact,False,False,exact,,0.05,ATE,42,0.14999999999999994,2000,-0.0037654112762176297,-2.5102741841450875,0.09291465252206507,0.9525,0.366718121075703,,,,0.0020764472018569517,,0.00475624589355933,,,,corrected_variance_verification,primary_exact,-2.0304730385072635e-07,0.008759959255077594,primary,0.05
1,DGP1_piL0.10,0.1,10000,2000,allunits_crossfit,3,"PPI++ (plug-in lambda, plug-in variance)",plugin,True,False,plugin,,0.05,ATE,42,0.14999999999999994,2000,0.0005697676301301613,0.37984508675344103,0.06968128365488942,0.9395,0.26516038576376,,,,0.0015584584449650073,,0.005331029450303197,,,,corrected_variance_verification,pluginrule_plugin,,0.0045775494238738616,pluginrule,0.1
1,DGP1_piL0.10,0.1,10000,2000,allunits_crossfit,8,"PPI++ (plug-in lambda, clipped)",plugin,True,False,exact,,0.05,ATE,42,0.14999999999999994,2000,0.0005697676301301613,0.37984508675344103,0.06968128365488942,0.945,0.26799304639653587,,,,0.0015584584449650073,,0.005097793640389931,,,,corrected_variance_verification,pluginrule_exact,9.827486440301233e-05,0.004675824288276875,pluginrule,0.1
1,DGP1_piL0.10,0.1,10000,2000,allunits_crossfit,7,PPI++ (bootstrap variance),plugin,True,False,bootstrap,,0.05,ATE,42,0.14999999999999994,2000,0.0005697676301301613,0.37984508675344103,0.06968128365488942,0.933,0.2621044086466731,,,,0.0015584584449650073,,0.0055906618570612885,,,,corrected_variance_verification,pluginrule_boot,,0.004679137590532516,pluginrule,0.1
1,DGP1_piL0.10,0.1,10000,2000,allunits_crossfit,3,PPI++ (plug-in variance),exact,False,False,plugin,,0.05,ATE,42,0.14999999999999994,2000,0.0004864553948860161,0.32430359659067753,0.0693698359200769,0.944,0.26683066057878335,,,,0.001551506472603596,,0.005141206084179083,,,,corrected_variance_verification,primary_plugin,,0.004635529944266647,primary,0.1
1,DGP1_piL0.10,0.1,10000,2000,allunits_crossfit,3,PPI++,exact,False,False,exact,,0.05,ATE,42,0.14999999999999994,2000,0.0004864553948860161,0.32430359659067753,0.0693698359200769,0.944,0.2668308516865772,,,,0.001551506472603596,,0.005141206084179083,,,,corrected_variance_verification,primary_exact,5.890179845418135e-09,0.004635535834446492,primary,0.1
1,DGP1_piL0.20,0.2,10000,2000,allunits_crossfit,3,"PPI++ (plug-in lambda, plug-in variance)",plugin,True,False,plugin,,0.05,ATE,42,0.14999999999999994,2000,-0.002105945105810747,-1.403963403873832,0.051392172011754694,0.9425,0.19604394646617834,,,,0.0011484858203253063,,0.005205465877325487,,,,corrected_variance_verification,pluginrule_plugin,,0.002501635375859139,pluginrule,0.2
1,DGP1_piL0.20,0.2,10000,2000,allunits_crossfit,8,"PPI++ (plug-in lambda, clipped)",plugin,True,False,exact,,0.05,ATE,42,0.14999999999999994,2000,-0.002105945105810747,-1.403963403873832,0.051392172011754694,0.949,0.20241511627214204,,,,0.0011484858203253063,,0.004919298730510276,,,,corrected_variance_verification,pluginrule_exact,0.00016522225147160076,0.0026668576273307398,pluginrule,0.2
1,DGP1_piL0.20,0.2,10000,2000,allunits_crossfit,7,PPI++ (bootstrap variance),plugin,True,False,bootstrap,,0.05,ATE,42,0.14999999999999994,2000,-0.002105945105810747,-1.403963403873832,0.051392172011754694,0.9385,0.19785297327779328,,,,0.0011484858203253063,,0.005372045699731156,,,,corrected_variance_verification,pluginrule_boot,,0.002666426152057897,pluginrule,0.2
1,DGP1_piL0.20,0.2,10000,2000,allunits_crossfit,3,PPI++ (plug-in variance),exact,False,False,plugin,,0.05,ATE,42,0.14999999999999994,2000,-0.0019205756604557464,-1.2803837736371648,0.05068361575212632,0.95,0.19993853455059002,,,,0.0011327893684606486,,0.004873397172404485,,,,corrected_variance_verification,primary_plugin,,0.0026020989762963343,primary,0.2
1,DGP1_piL0.20,0.2,10000,2000,allunits_crossfit,3,PPI++,exact,False,False,exact,,0.05,ATE,42,0.14999999999999994,2000,-0.0019205756604557464,-1.2803837736371648,0.05068361575212632,0.95,0.1999390771521184,,,,0.0011327893684606486,,0.004873397172404485,,,,corrected_variance_verification,primary_exact,1.377997162732555e-08,0.002602112756267961,primary,0.2
1,DGP1_piL0.50,0.5,10000,2000,allunits_crossfit,3,"PPI++ (plug-in lambda, plug-in variance)",plugin,True,False,plugin,,0.05,ATE,42,0.14999999999999994,2000,-0.001310678074166449,-0.873785382777633,0.038519541717491584,0.926,0.13565096360462764,,,,0.0008610396641312993,,0.005853375094763702,,,,corrected_variance_verification,pluginrule_plugin,,0.0011976139740270892,pluginrule,0.5
1,DGP1_piL0.50,0.5,10000,2000,allunits_crossfit,8,"PPI++ (plug-in lambda, clipped)",plugin,True,False,exact,,0.05,ATE,42,0.14999999999999994,2000,-0.001310678074166449,-0.873785382777633,0.038519541717491584,0.954,0.14988263984530778,,,,0.0008610396641312993,,0.0046842288586276416,,,,corrected_variance_verification,pluginrule_exact,0.000264494602595836,0.0014621085766229251,pluginrule,0.5
1,DGP1_piL0.50,0.5,10000,2000,allunits_crossfit,7,PPI++ (bootstrap variance),plugin,True,False,bootstrap,,0.05,ATE,42,0.14999999999999994,2000,-0.001310678074166449,-0.873785382777633,0.038519541717491584,0.939,0.14653268530914376,,,,0.0008610396641312993,,0.005351588549206677,,,,corrected_variance_verification,pluginrule_boot,,0.0014621578588451265,pluginrule,0.5
1,DGP1_piL0.50,0.5,10000,2000,allunits_crossfit,3,PPI++ (plug-in variance),exact,False,False,plugin,,0.05,ATE,42,0.14999999999999994,2000,-0.0011058383208692381,-0.7372255472461591,0.03763682430472788,0.953,0.1464560781263423,,,,0.0008414320154325147,,0.004732388403332932,,,,corrected_variance_verification,primary_plugin,,0.0013960574790810847,primary,0.5
1,DGP1_piL0.50,0.5,10000,2000,allunits_crossfit,3,PPI++,exact,False,False,exact,,0.05,ATE,42,0.14999999999999994,2000,-0.0011058383208692381,-0.7372255472461591,0.03763682430472788,0.953,0.14645638839383135,,,,0.0008414320154325147,,0.004732388403332932,,,,corrected_variance_verification,primary_exact,5.780148744028977e-09,0.0013960632592298285,primary,0.5
1,DGP1_piL0.80,0.8,10000,2000,allunits_crossfit,3,"PPI++ (plug-in lambda, plug-in variance)",plugin,True,False,plugin,,0.05,ATE,42,0.14999999999999994,2000,0.000665910465426479,0.4439403102843195,0.03374964258367221,0.8985,0.1130014192776507,,,,0.0007547067377590035,,0.006752693906878944,,,,corrected_variance_verification,pluginrule_plugin,,0.0008310565570105866,pluginrule,0.8
1,DGP1_piL0.80,0.8,10000,2000,allunits_crossfit,8,"PPI++ (plug-in lambda, clipped)",plugin,True,False,exact,,0.05,ATE,42,0.14999999999999994,2000,0.000665910465426479,0.4439403102843195,0.03374964258367221,0.948,0.13147975253082472,,,,0.0007547067377590035,,0.0049646752159632785,,,,corrected_variance_verification,pluginrule_exact,0.0002940313578443297,0.0011250879148549163,pluginrule,0.8
1,DGP1_piL0.80,0.8,10000,2000,allunits_crossfit,7,PPI++ (bootstrap variance),plugin,True,False,bootstrap,,0.05,ATE,42,0.14999999999999994,2000,0.000665910465426479,0.4439403102843195,0.03374964258367221,0.9315,0.12817015886907632,,,,0.0007547067377590035,,0.0056483515294287415,,,,corrected_variance_verification,pluginrule_boot,,0.0011225971259707216,pluginrule,0.8
1,DGP1_piL0.80,0.8,10000,2000,allunits_crossfit,3,PPI++ (plug-in variance),exact,False,False,plugin,,0.05,ATE,42,0.14999999999999994,2000,0.0006071290800505175,0.4047527200336785,0.0335458517322172,0.945,0.1297525557011568,,,,0.0007501727540643544,,0.005097793640389931,,,,corrected_variance_verification,primary_plugin,,0.0010957310601785021,primary,0.8
1,DGP1_piL0.80,0.8,10000,2000,allunits_crossfit,3,PPI++,exact,False,False,exact,,0.05,ATE,42,0.14999999999999994,2000,0.0006071290800505175,0.4047527200336785,0.0335458517322172,0.945,0.12975248113642476,,,,0.0007501727540643544,,0.005097793640389931,,,,corrected_variance_verification,primary_exact,-1.3001570721984653e-09,0.0010957297600214303,primary,0.8
1,DGP1_piL1.00,1.0,10000,2000,allunits_crossfit,3,"PPI++ (plug-in lambda, plug-in variance)",plugin,True,False,plugin,,0.05,ATE,42,0.14999999999999994,2000,-0.0009695715811205396,-0.6463810540803601,0.0317710091713121,0.9475,0.12370350042147175,,,,0.0007102680604639336,,0.004987171041783106,,,,corrected_variance_verification,pluginrule_plugin,,0.0009959321424116508,pluginrule,1.0
1,DGP1_piL1.00,1.0,10000,2000,allunits_crossfit,8,"PPI++ (plug-in lambda, clipped)",plugin,True,False,exact,,0.05,ATE,42,0.14999999999999994,2000,-0.0009695715811205396,-0.6463810540803601,0.0317710091713121,0.9475,0.12370350042147175,,,,0.0007102680604639336,,0.004987171041783106,,,,corrected_variance_verification,pluginrule_exact,,0.0009959321424116508,pluginrule,1.0
1,DGP1_piL1.00,1.0,10000,2000,allunits_crossfit,7,PPI++ (bootstrap variance),plugin,True,False,bootstrap,,0.05,ATE,42,0.14999999999999994,2000,-0.0009695715811205396,-0.6463810540803601,0.0317710091713121,0.9395,0.12078763792510377,,,,0.0007102680604639336,,0.005331029450303197,,,,corrected_variance_verification,pluginrule_boot,,0.0009935001696958368,pluginrule,1.0
1,DGP1_piL1.00,1.0,10000,2000,allunits_crossfit,3,PPI++ (plug-in variance),exact,False,False,plugin,,0.05,ATE,42,0.14999999999999994,2000,-0.0009695715811205396,-0.6463810540803601,0.0317710091713121,0.9475,0.12370350042147175,,,,0.0007102680604639336,,0.004987171041783106,,,,corrected_variance_verification,primary_plugin,,0.0009959321424116508,primary,1.0
1,DGP1_piL1.00,1.0,10000,2000,allunits_crossfit,3,PPI++,exact,False,False,exact,,0.05,ATE,42,0.14999999999999994,2000,-0.0009695715811205396,-0.6463810540803601,0.0317710091713121,0.9475,0.12370350042147175,,,,0.0007102680604639336,,0.004987171041783106,,,,corrected_variance_verification,primary_exact,,0.0009959321424116508,primary,1.0
