pi_L,method_id,method_name,true_tau,n_valid,bias,mc_se_bias,rmse,mc_se_rmse,variance,coverage,mc_se_coverage,rejection_rate,relative_efficiency,ess_multiplier
0.05,0,Labeled-Only,0.19,500,-0.0009231891433664208,0.006075047688626916,0.13570942591920782,0.004082002400312836,0.01845310220954562,0.95,0.00974679434480897,0.294,1.0,1.0
0.05,2,Surrogate Index,0.19,500,0.0009678962071654196,0.0011330420602084059,0.025328742445259664,0.0007646909047899151,0.0006418921551006546,0.952,0.009559916317625384,1.0,5.3579219818158075,28.70732796322503
0.05,3,PPI++,0.19,500,-0.0007468809814435984,0.004335714672076272,0.0968554090813286,0.002795662587904897,0.009399210858828727,0.944,0.010282412168358165,0.512,1.401154847276045,1.9632349060451566
0.05,5,Composite Proxy,0.19,500,0.003037331907658203,0.0009545477134719071,0.021538219342072066,0.0006481821248494773,0.0004555806686472232,0.936,0.01094568408095172,1.0,6.300865626998114,39.70090764948633
0.2,0,Labeled-Only,0.19,500,-0.0032185549866644014,0.003095295373030044,0.06921853050958596,0.0024039450588308597,0.004790426723150601,0.94,0.010620734437881408,0.788,1.0,1.0
0.2,2,Surrogate Index,0.19,500,0.0005665412106830026,0.0010203435090126798,0.022799787416973263,0.000754671702229524,0.0005205504381921543,0.956,0.009172131704244116,1.0,3.0359287673908897,9.216863480671567
0.2,3,PPI++,0.19,500,0.0014153523789159905,0.002317076851284216,0.0517789237489573,0.0017495897855149055,0.0026844225673785882,0.94,0.010620734437881408,0.962,1.3368089851612615,1.7870582628078817
0.2,5,Composite Proxy,0.19,500,0.003514681899263017,0.0009326489860793947,0.021128185448334974,0.0006593651035084428,0.0004349170656174616,0.954,0.009368457717255283,1.0,3.276122820809526,10.732980737028967
0.5,0,Labeled-Only,0.19,500,-0.00018840224739705147,0.0018369362956409878,0.04103448108084466,0.0012689537875642857,0.0016871674771216177,0.968,0.007870959280799264,0.994,1.0,1.0
0.5,2,Surrogate Index,0.19,500,9.703335572924798e-05,0.0010096956448913785,0.022555100927132206,0.0007102202484260285,0.0005097426476563086,0.96,0.008763560920082661,1.0,1.8192993777067543,3.3098502257241833
0.5,3,PPI++,0.19,500,0.0002666798077378407,0.0014989689322834033,0.033485491488633216,0.0010296754249834062,0.0011234539299754234,0.964,0.008331146379700699,1.0,1.2254406089507146,1.5017046860654983
0.5,5,Composite Proxy,0.19,500,0.0032421780811080214,0.000919525046657523,0.020794935636193893,0.0006414118720335289,0.00042276315571525996,0.958,0.00897061870775924,1.0,1.9732920456567098,3.8938814974520426
