DGP,Method,true_tau,Bias,RMSE,Coverage,Mean_Var,RE_vs_LO,ESS_multiplier
DGP1,LO,0.15,-0.00018,0.06597,0.96,0.004981,1.0,1.0
DGP1,PPI++,0.15,-0.00301,0.04977,0.97,0.002603,1.326,1.757
DGP1,Cross-PPI,0.15,-0.00281,0.04962,0.948,0.002278,1.33,1.768
DGP2_rho0.0,LO,0.15,0.00413,0.07217,0.948,0.004981,1.0,1.0
DGP2_rho0.0,PPI++,0.15,0.00212,0.05002,0.952,0.002598,1.443,2.082
DGP2_rho0.0,Cross-PPI,0.15,0.00206,0.0506,0.926,0.002273,1.426,2.034
DGP2_rho0.2,LO,0.1875,0.00193,0.06865,0.95,0.004974,1.0,1.0
DGP2_rho0.2,PPI++,0.1875,0.00184,0.04637,0.972,0.002604,1.481,2.192
DGP2_rho0.2,Cross-PPI,0.1875,0.00188,0.04677,0.96,0.002282,1.468,2.155
DGP2_rho0.4,LO,0.25,-0.00314,0.06769,0.95,0.004992,1.0,1.0
DGP2_rho0.4,PPI++,0.25,-0.00371,0.04933,0.96,0.002607,1.372,1.883
DGP2_rho0.4,Cross-PPI,0.25,-0.00375,0.04953,0.942,0.002281,1.367,1.868
