dgp,config_name,pi_L,n,R,protocol,method_id,method_label,lambda_rule,clip,per_arm,variance,si_variance,alpha,target,seed,true_tau,n_valid,bias,rel_bias,rmse,coverage,ci_width,rejection,cdr,relative_efficiency,mc_se_bias,mc_se_rmse,mc_se_coverage,mc_se_ci_width,mc_se_rejection,mc_se_cdr,DGP,ESS multiplier,RE vs CUPED,analysis,param_DGP,param_pi_L
cuped,DGP=DGP 1 (Valid Surrogate); pi_L=0.05,0.05,,500,allunits_crossfit,0,Labeled-Only,,,,,,0.05,ATE,42,,,0.004187320228609505,,0.14415318305899993,0.958,,,,,,,,,,,DGP 1 (Valid Surrogate),0.8039247282747852,0.8966184965049434,cuped_comparison,DGP 1 (Valid Surrogate),0.05
cuped,DGP=DGP 1 (Valid Surrogate); pi_L=0.05,0.05,,500,allunits_crossfit,2,SI,,,,,sandwich,0.05,ATE,42,,,-9.267223728877089e-05,,0.027087436289995822,0.936,,,,,,,,,,,DGP 1 (Valid Surrogate),22.768166299084978,4.771599972659588,cuped_comparison,DGP 1 (Valid Surrogate),0.05
cuped,DGP=DGP 1 (Valid Surrogate); pi_L=0.05,0.05,,500,allunits_crossfit,3,PPI++,exact,False,False,exact,,0.05,ATE,42,,,-0.0034908764968054886,,0.09585729388820154,0.95,,,,,,,,,,,DGP 1 (Valid Surrogate),1.8180822706171063,1.3483628111962693,cuped_comparison,DGP 1 (Valid Surrogate),0.05
cuped,DGP=DGP 1 (Valid Surrogate); pi_L=0.05,0.05,,500,allunits_crossfit,-1,CUPED Labeled-Only,,,,,,0.05,ATE,42,,,0.0029096140255581112,,0.1292504102607624,0.954,,,,,,,,,,,DGP 1 (Valid Surrogate),1.0,1.0,cuped_comparison,DGP 1 (Valid Surrogate),0.05
cuped,DGP=DGP 1 (Valid Surrogate); pi_L=0.2,0.2,,500,allunits_crossfit,0,Labeled-Only,,,,,,0.05,ATE,42,,,0.0018984696947903742,,0.07103044420836001,0.944,,,,,,,,,,,DGP 1 (Valid Surrogate),0.843014027149785,0.9181579532682734,cuped_comparison,DGP 1 (Valid Surrogate),0.2
cuped,DGP=DGP 1 (Valid Surrogate); pi_L=0.2,0.2,,500,allunits_crossfit,2,SI,,,,,sandwich,0.05,ATE,42,,,0.0010583529940739267,,0.0255522536889285,0.93,,,,,,,,,,,DGP 1 (Valid Surrogate),6.514265292413108,2.552305877518035,cuped_comparison,DGP 1 (Valid Surrogate),0.2
cuped,DGP=DGP 1 (Valid Surrogate); pi_L=0.2,0.2,,500,allunits_crossfit,3,PPI++,exact,False,False,exact,,0.05,ATE,42,,,0.00030886906579645967,,0.050103524297542265,0.958,,,,,,,,,,,DGP 1 (Valid Surrogate),1.694288299396219,1.3016483009615996,cuped_comparison,DGP 1 (Valid Surrogate),0.2
cuped,DGP=DGP 1 (Valid Surrogate); pi_L=0.2,0.2,,500,allunits_crossfit,-1,CUPED Labeled-Only,,,,,,0.05,ATE,42,,,0.0009188544021587717,,0.06521716727408411,0.954,,,,,,,,,,,DGP 1 (Valid Surrogate),1.0,1.0,cuped_comparison,DGP 1 (Valid Surrogate),0.2
cuped,DGP=DGP 1 (Valid Surrogate); pi_L=0.5,0.5,,500,allunits_crossfit,0,Labeled-Only,,,,,,0.05,ATE,42,,,0.00016617882796591686,,0.04171596701232085,0.968,,,,,,,,,,,DGP 1 (Valid Surrogate),0.8207231089163813,0.9059376959352013,cuped_comparison,DGP 1 (Valid Surrogate),0.5
cuped,DGP=DGP 1 (Valid Surrogate); pi_L=0.5,0.5,,500,allunits_crossfit,2,SI,,,,,sandwich,0.05,ATE,42,,,-0.0006655095602718741,,0.023788072486223843,0.96,,,,,,,,,,,DGP 1 (Valid Surrogate),2.523961850271328,1.588698162103591,cuped_comparison,DGP 1 (Valid Surrogate),0.5
cuped,DGP=DGP 1 (Valid Surrogate); pi_L=0.5,0.5,,500,allunits_crossfit,3,PPI++,exact,False,False,exact,,0.05,ATE,42,,,0.0008299215793377617,,0.03438157742462411,0.968,,,,,,,,,,,DGP 1 (Valid Surrogate),1.2082302261528044,1.0991952629777861,cuped_comparison,DGP 1 (Valid Surrogate),0.5
cuped,DGP=DGP 1 (Valid Surrogate); pi_L=0.5,0.5,,500,allunits_crossfit,-1,CUPED Labeled-Only,,,,,,0.05,ATE,42,,,-0.0008207536090174009,,0.03779206703885082,0.956,,,,,,,,,,,DGP 1 (Valid Surrogate),1.0,1.0,cuped_comparison,DGP 1 (Valid Surrogate),0.5
cuped,DGP=DGP 2 (rho=0.0); pi_L=0.05,0.05,,500,allunits_crossfit,0,Labeled-Only,,,,,,0.05,ATE,42,,,0.0023848201336327327,,0.14062630194356276,0.956,,,,,,,,,,,DGP 2 (rho=0.0),0.8114241240268182,0.9007908325614877,cuped_comparison,DGP 2 (rho=0.0),0.05
cuped,DGP=DGP 2 (rho=0.0); pi_L=0.05,0.05,,500,allunits_crossfit,2,SI,,,,,sandwich,0.05,ATE,42,,,-0.0006727039223909389,,0.02660886424209121,0.93,,,,,,,,,,,DGP 2 (rho=0.0),22.66357160065797,4.760627227651622,cuped_comparison,DGP 2 (rho=0.0),0.05
cuped,DGP=DGP 2 (rho=0.0); pi_L=0.05,0.05,,500,allunits_crossfit,3,PPI++,exact,False,False,exact,,0.05,ATE,42,,,-0.003825073829896394,,0.09697184387430932,0.952,,,,,,,,,,,DGP 2 (rho=0.0),1.7064348840137007,1.3063058156548568,cuped_comparison,DGP 2 (rho=0.0),0.05
cuped,DGP=DGP 2 (rho=0.0); pi_L=0.05,0.05,,500,allunits_crossfit,-1,CUPED Labeled-Only,,,,,,0.05,ATE,42,,,0.00035380598433572,,0.12667488360778506,0.952,,,,,,,,,,,DGP 2 (rho=0.0),1.0,1.0,cuped_comparison,DGP 2 (rho=0.0),0.05
cuped,DGP=DGP 2 (rho=0.0); pi_L=0.2,0.2,,500,allunits_crossfit,0,Labeled-Only,,,,,,0.05,ATE,42,,,0.0015869339033349284,,0.0742275360998497,0.932,,,,,,,,,,,DGP 2 (rho=0.0),0.8219312767983585,0.9066042558902746,cuped_comparison,DGP 2 (rho=0.0),0.2
cuped,DGP=DGP 2 (rho=0.0); pi_L=0.2,0.2,,500,allunits_crossfit,2,SI,,,,,sandwich,0.05,ATE,42,,,-0.0007500967836850678,,0.023437676372278126,0.97,,,,,,,,,,,DGP 2 (rho=0.0),8.243971660789377,2.8712317323388192,cuped_comparison,DGP 2 (rho=0.0),0.2
cuped,DGP=DGP 2 (rho=0.0); pi_L=0.2,0.2,,500,allunits_crossfit,3,PPI++,exact,False,False,exact,,0.05,ATE,42,,,0.0019147287567593055,,0.05454116538692929,0.936,,,,,,,,,,,DGP 2 (rho=0.0),1.522357916573607,1.2338386914721093,cuped_comparison,DGP 2 (rho=0.0),0.2
cuped,DGP=DGP 2 (rho=0.0); pi_L=0.2,0.2,,500,allunits_crossfit,-1,CUPED Labeled-Only,,,,,,0.05,ATE,42,,,0.003617903660218727,,0.06729500013237273,0.924,,,,,,,,,,,DGP 2 (rho=0.0),1.0,1.0,cuped_comparison,DGP 2 (rho=0.0),0.2
cuped,DGP=DGP 2 (rho=0.0); pi_L=0.5,0.5,,500,allunits_crossfit,0,Labeled-Only,,,,,,0.05,ATE,42,,,-0.0026313265134832254,,0.04263523497828229,0.956,,,,,,,,,,,DGP 2 (rho=0.0),0.8763506270093762,0.9361360088199664,cuped_comparison,DGP 2 (rho=0.0),0.5
cuped,DGP=DGP 2 (rho=0.0); pi_L=0.5,0.5,,500,allunits_crossfit,2,SI,,,,,sandwich,0.05,ATE,42,,,-0.0012746040116847286,,0.02349517264819229,0.95,,,,,,,,,,,DGP 2 (rho=0.0),2.8857449355192846,1.6987480494526799,cuped_comparison,DGP 2 (rho=0.0),0.5
cuped,DGP=DGP 2 (rho=0.0); pi_L=0.5,0.5,,500,allunits_crossfit,3,PPI++,exact,False,False,exact,,0.05,ATE,42,,,-0.004253335065199866,,0.0361336370892463,0.972,,,,,,,,,,,DGP 2 (rho=0.0),1.2200899975384536,1.104576840938852,cuped_comparison,DGP 2 (rho=0.0),0.5
cuped,DGP=DGP 2 (rho=0.0); pi_L=0.5,0.5,,500,allunits_crossfit,-1,CUPED Labeled-Only,,,,,,0.05,ATE,42,,,-0.0034418881183766402,,0.03991237870767061,0.944,,,,,,,,,,,DGP 2 (rho=0.0),1.0,1.0,cuped_comparison,DGP 2 (rho=0.0),0.5
cuped,DGP=DGP 2 (rho=0.2); pi_L=0.05,0.05,,500,allunits_crossfit,0,Labeled-Only,,,,,,0.05,ATE,42,,,0.00599464904478206,,0.1451299133486894,0.94,,,,,,,,,,,DGP 2 (rho=0.2),0.773986105732346,0.8797648013715632,cuped_comparison,DGP 2 (rho=0.2),0.05
cuped,DGP=DGP 2 (rho=0.2); pi_L=0.05,0.05,,500,allunits_crossfit,2,SI,,,,,sandwich,0.05,ATE,42,,,-0.037468619124685035,,0.045264208301449366,0.678,,,,,,,,,,,DGP 2 (rho=0.2),7.9567768626035,2.820775932718425,cuped_comparison,DGP 2 (rho=0.2),0.05
cuped,DGP=DGP 2 (rho=0.2); pi_L=0.05,0.05,,500,allunits_crossfit,3,PPI++,exact,False,False,exact,,0.05,ATE,42,,,0.007663464160555149,,0.0906169658005522,0.96,,,,,,,,,,,DGP 2 (rho=0.2),1.9853085086177877,1.409009761718416,cuped_comparison,DGP 2 (rho=0.2),0.05
cuped,DGP=DGP 2 (rho=0.2); pi_L=0.05,0.05,,500,allunits_crossfit,-1,CUPED Labeled-Only,,,,,,0.05,ATE,42,,,0.010080797400436065,,0.12768018939028192,0.95,,,,,,,,,,,DGP 2 (rho=0.2),1.0,1.0,cuped_comparison,DGP 2 (rho=0.2),0.05
cuped,DGP=DGP 2 (rho=0.2); pi_L=0.2,0.2,,500,allunits_crossfit,0,Labeled-Only,,,,,,0.05,ATE,42,,,-0.0028204149262240053,,0.07045477485532481,0.95,,,,,,,,,,,DGP 2 (rho=0.2),0.8020290736752969,0.8955607593431597,cuped_comparison,DGP 2 (rho=0.2),0.2
cuped,DGP=DGP 2 (rho=0.2); pi_L=0.2,0.2,,500,allunits_crossfit,2,SI,,,,,sandwich,0.05,ATE,42,,,-0.038881182327058166,,0.04679347653384989,0.638,,,,,,,,,,,DGP 2 (rho=0.2),1.8181945423128623,1.3484044431522992,cuped_comparison,DGP 2 (rho=0.2),0.2
cuped,DGP=DGP 2 (rho=0.2); pi_L=0.2,0.2,,500,allunits_crossfit,3,PPI++,exact,False,False,exact,,0.05,ATE,42,,,-0.0031263230652594735,,0.051355909727828844,0.942,,,,,,,,,,,DGP 2 (rho=0.2),1.5094895856031956,1.2286128705182913,cuped_comparison,DGP 2 (rho=0.2),0.2
cuped,DGP=DGP 2 (rho=0.2); pi_L=0.2,0.2,,500,allunits_crossfit,-1,CUPED Labeled-Only,,,,,,0.05,ATE,42,,,-0.0016969748746623603,,0.06309653166878604,0.952,,,,,,,,,,,DGP 2 (rho=0.2),1.0,1.0,cuped_comparison,DGP 2 (rho=0.2),0.2
cuped,DGP=DGP 2 (rho=0.2); pi_L=0.5,0.5,,500,allunits_crossfit,0,Labeled-Only,,,,,,0.05,ATE,42,,,0.0010941141690809823,,0.04563680928746457,0.942,,,,,,,,,,,DGP 2 (rho=0.2),0.8028645871710673,0.8960271129664924,cuped_comparison,DGP 2 (rho=0.2),0.5
cuped,DGP=DGP 2 (rho=0.2); pi_L=0.5,0.5,,500,allunits_crossfit,2,SI,,,,,sandwich,0.05,ATE,42,,,-0.036882244972342305,,0.04396263867019851,0.672,,,,,,,,,,,DGP 2 (rho=0.2),0.8651777577655224,0.9301493201446327,cuped_comparison,DGP 2 (rho=0.2),0.5
cuped,DGP=DGP 2 (rho=0.2); pi_L=0.5,0.5,,500,allunits_crossfit,3,PPI++,exact,False,False,exact,,0.05,ATE,42,,,0.0020339917733185227,,0.037969199415799536,0.95,,,,,,,,,,,DGP 2 (rho=0.2),1.1598717429249843,1.0769734179286805,cuped_comparison,DGP 2 (rho=0.2),0.5
cuped,DGP=DGP 2 (rho=0.2); pi_L=0.5,0.5,,500,allunits_crossfit,-1,CUPED Labeled-Only,,,,,,0.05,ATE,42,,,0.0017463846637035588,,0.04089181847084929,0.95,,,,,,,,,,,DGP 2 (rho=0.2),1.0,1.0,cuped_comparison,DGP 2 (rho=0.2),0.5
cuped,DGP=DGP 2 (rho=0.4); pi_L=0.05,0.05,,500,allunits_crossfit,0,Labeled-Only,,,,,,0.05,ATE,42,,,0.002397829479682515,,0.13735323385825382,0.968,,,,,,,,,,,DGP 2 (rho=0.4),0.8384300104988506,0.9156582389182388,cuped_comparison,DGP 2 (rho=0.4),0.05
cuped,DGP=DGP 2 (rho=0.4); pi_L=0.05,0.05,,500,allunits_crossfit,2,SI,,,,,sandwich,0.05,ATE,42,,,-0.09959415092166687,,0.10257657694577937,0.032,,,,,,,,,,,DGP 2 (rho=0.4),1.503308760503641,1.2260949231212244,cuped_comparison,DGP 2 (rho=0.4),0.05
cuped,DGP=DGP 2 (rho=0.4); pi_L=0.05,0.05,,500,allunits_crossfit,3,PPI++,exact,False,False,exact,,0.05,ATE,42,,,0.0017333408462600257,,0.09173286392086227,0.954,,,,,,,,,,,DGP 2 (rho=0.4),1.879726602892509,1.3710312187884377,cuped_comparison,DGP 2 (rho=0.4),0.05
cuped,DGP=DGP 2 (rho=0.4); pi_L=0.05,0.05,,500,allunits_crossfit,-1,CUPED Labeled-Only,,,,,,0.05,ATE,42,,,0.002090051364826459,,0.1257686202243737,0.962,,,,,,,,,,,DGP 2 (rho=0.4),1.0,1.0,cuped_comparison,DGP 2 (rho=0.4),0.05
cuped,DGP=DGP 2 (rho=0.4); pi_L=0.2,0.2,,500,allunits_crossfit,0,Labeled-Only,,,,,,0.05,ATE,42,,,0.005904874395660894,,0.06926635002281521,0.954,,,,,,,,,,,DGP 2 (rho=0.4),0.7735097550621101,0.8794940335568571,cuped_comparison,DGP 2 (rho=0.4),0.2
cuped,DGP=DGP 2 (rho=0.4); pi_L=0.2,0.2,,500,allunits_crossfit,2,SI,,,,,sandwich,0.05,ATE,42,,,-0.09711598038233155,,0.10013466469220589,0.02,,,,,,,,,,,DGP 2 (rho=0.4),0.3701191070403862,0.608374150535989,cuped_comparison,DGP 2 (rho=0.4),0.2
cuped,DGP=DGP 2 (rho=0.4); pi_L=0.2,0.2,,500,allunits_crossfit,3,PPI++,exact,False,False,exact,,0.05,ATE,42,,,0.007896363434085066,,0.049339889348345725,0.958,,,,,,,,,,,DGP 2 (rho=0.4),1.5244530695857523,1.234687438012452,cuped_comparison,DGP 2 (rho=0.4),0.2
cuped,DGP=DGP 2 (rho=0.4); pi_L=0.2,0.2,,500,allunits_crossfit,-1,CUPED Labeled-Only,,,,,,0.05,ATE,42,,,0.005051807765193487,,0.06091934157132685,0.96,,,,,,,,,,,DGP 2 (rho=0.4),1.0,1.0,cuped_comparison,DGP 2 (rho=0.4),0.2
cuped,DGP=DGP 2 (rho=0.4); pi_L=0.5,0.5,,500,allunits_crossfit,0,Labeled-Only,,,,,,0.05,ATE,42,,,0.0012591329118879315,,0.043580306575407006,0.956,,,,,,,,,,,DGP 2 (rho=0.4),0.8168154747672848,0.903778443407058,cuped_comparison,DGP 2 (rho=0.4),0.5
cuped,DGP=DGP 2 (rho=0.4); pi_L=0.5,0.5,,500,allunits_crossfit,2,SI,,,,,sandwich,0.05,ATE,42,,,-0.10027647999567259,,0.10308121171560394,0.008,,,,,,,,,,,DGP 2 (rho=0.4),0.14599752349095896,0.38209622281692207,cuped_comparison,DGP 2 (rho=0.4),0.5
cuped,DGP=DGP 2 (rho=0.4); pi_L=0.5,0.5,,500,allunits_crossfit,3,PPI++,exact,False,False,exact,,0.05,ATE,42,,,0.0012905519774055816,,0.0371797749673187,0.96,,,,,,,,,,,DGP 2 (rho=0.4),1.1222535952786774,1.0593647130609352,cuped_comparison,DGP 2 (rho=0.4),0.5
cuped,DGP=DGP 2 (rho=0.4); pi_L=0.5,0.5,,500,allunits_crossfit,-1,CUPED Labeled-Only,,,,,,0.05,ATE,42,,,0.0017800698361770228,,0.03938694163992372,0.95,,,,,,,,,,,DGP 2 (rho=0.4),1.0,1.0,cuped_comparison,DGP 2 (rho=0.4),0.5
cuped,DGP=DGP 8 (Nonlinear); pi_L=0.05,0.05,,500,allunits_crossfit,0,Labeled-Only,,,,,,0.05,ATE,42,,,0.0071831426747172265,,0.14479392842133498,0.958,,,,,,,,,,,DGP 8 (Nonlinear),0.7898889921501645,0.8887569927433283,cuped_comparison,DGP 8 (Nonlinear),0.05
cuped,DGP=DGP 8 (Nonlinear); pi_L=0.05,0.05,,500,allunits_crossfit,2,SI,,,,,sandwich,0.05,ATE,42,,,0.0015644199841301748,,0.026375356753300553,0.934,,,,,,,,,,,DGP 8 (Nonlinear),23.80510375341957,4.879047422747556,cuped_comparison,DGP 8 (Nonlinear),0.05
cuped,DGP=DGP 8 (Nonlinear); pi_L=0.05,0.05,,500,allunits_crossfit,3,PPI++,exact,False,False,exact,,0.05,ATE,42,,,0.0070645507144331,,0.09568175291586718,0.946,,,,,,,,,,,DGP 8 (Nonlinear),1.808874838174828,1.3449441766017012,cuped_comparison,DGP 8 (Nonlinear),0.05
cuped,DGP=DGP 8 (Nonlinear); pi_L=0.05,0.05,,500,allunits_crossfit,-1,CUPED Labeled-Only,,,,,,0.05,ATE,42,,,0.005274377215783375,,0.1286866163912384,0.958,,,,,,,,,,,DGP 8 (Nonlinear),1.0,1.0,cuped_comparison,DGP 8 (Nonlinear),0.05
cuped,DGP=DGP 8 (Nonlinear); pi_L=0.2,0.2,,500,allunits_crossfit,0,Labeled-Only,,,,,,0.05,ATE,42,,,-0.00088052661313945,,0.07065363876388087,0.948,,,,,,,,,,,DGP 8 (Nonlinear),0.8069937530952892,0.8983283103049181,cuped_comparison,DGP 8 (Nonlinear),0.2
cuped,DGP=DGP 8 (Nonlinear); pi_L=0.2,0.2,,500,allunits_crossfit,2,SI,,,,,sandwich,0.05,ATE,42,,,0.0007111706511021935,,0.025061299067808677,0.946,,,,,,,,,,,DGP 8 (Nonlinear),6.414046168302177,2.5325967243724725,cuped_comparison,DGP 8 (Nonlinear),0.2
cuped,DGP=DGP 8 (Nonlinear); pi_L=0.2,0.2,,500,allunits_crossfit,3,PPI++,exact,False,False,exact,,0.05,ATE,42,,,-0.0012287761676413305,,0.050921941923364966,0.958,,,,,,,,,,,DGP 8 (Nonlinear),1.5535646314013374,1.24642072808556,cuped_comparison,DGP 8 (Nonlinear),0.2
cuped,DGP=DGP 8 (Nonlinear); pi_L=0.2,0.2,,500,allunits_crossfit,-1,CUPED Labeled-Only,,,,,,0.05,ATE,42,,,-0.002236222169377496,,0.06347016392765116,0.946,,,,,,,,,,,DGP 8 (Nonlinear),1.0,1.0,cuped_comparison,DGP 8 (Nonlinear),0.2
cuped,DGP=DGP 8 (Nonlinear); pi_L=0.5,0.5,,500,allunits_crossfit,0,Labeled-Only,,,,,,0.05,ATE,42,,,-0.0016437366359301588,,0.04356159465669635,0.956,,,,,,,,,,,DGP 8 (Nonlinear),0.8129892878738897,0.9016591860974354,cuped_comparison,DGP 8 (Nonlinear),0.5
cuped,DGP=DGP 8 (Nonlinear); pi_L=0.5,0.5,,500,allunits_crossfit,2,SI,,,,,sandwich,0.05,ATE,42,,,0.0006179913866892664,,0.024233448377978514,0.946,,,,,,,,,,,DGP 8 (Nonlinear),2.627011213675346,1.6208057297761955,cuped_comparison,DGP 8 (Nonlinear),0.5
cuped,DGP=DGP 8 (Nonlinear); pi_L=0.5,0.5,,500,allunits_crossfit,3,PPI++,exact,False,False,exact,,0.05,ATE,42,,,-0.0009340216596038138,,0.036468267459577985,0.95,,,,,,,,,,,DGP 8 (Nonlinear),1.1600109795602633,1.07703805854773,cuped_comparison,DGP 8 (Nonlinear),0.5
cuped,DGP=DGP 8 (Nonlinear); pi_L=0.5,0.5,,500,allunits_crossfit,-1,CUPED Labeled-Only,,,,,,0.05,ATE,42,,,-0.0007974327388905867,,0.03927771198326323,0.95,,,,,,,,,,,DGP 8 (Nonlinear),1.0,1.0,cuped_comparison,DGP 8 (Nonlinear),0.5
