n,pi_L,rho,R,protocol,se_convention,alpha,size,mc_se,nominal,within_mc_band
10000,0.2,0.0,500,allunits_crossfit,sandwich,0.05,0.03,0.00762889244910426,0.05,False
10000,0.2,0.0,500,allunits_crossfit,sandwich,0.1,0.096,0.013174520864152897,0.1,True
10000,0.2,0.0,500,allunits_crossfit,fixedf,0.05,0.034,0.008104813384649889,0.05,False
10000,0.2,0.0,500,allunits_crossfit,fixedf,0.1,0.094,0.013050976974924139,0.1,True
10000,0.2,0.0,500,allunits_crossfit,delta,0.05,0.034,0.008104813384649889,0.05,False
10000,0.2,0.0,500,allunits_crossfit,delta,0.1,0.092,0.012925633446759968,0.1,True
100000,0.2,0.0,300,allunits_crossfit,sandwich,0.05,0.04666666666666667,0.012177696674506895,0.05,True
100000,0.2,0.0,300,allunits_crossfit,sandwich,0.1,0.12,0.01876166303929372,0.1,True
100000,0.2,0.0,300,allunits_crossfit,fixedf,0.05,0.04666666666666667,0.012177696674506895,0.05,True
100000,0.2,0.0,300,allunits_crossfit,fixedf,0.1,0.12,0.01876166303929372,0.1,True
100000,0.2,0.0,300,allunits_crossfit,delta,0.05,0.04666666666666667,0.012177696674506895,0.05,True
100000,0.2,0.0,300,allunits_crossfit,delta,0.1,0.11666666666666667,0.01853425257512475,0.1,True
