source,grid,interpolation,scale,quantity,n,R,point,ci_lo,ci_hi,boot_median,boot_sd,B,n_usable,no_crossing_frac,left_edge_frac,table,coarse_linear,coarse_pchip,fine_linear,fine_pchip,bracket_lo,bracket_hi,fine_pchip_minus_linear,fine_minus_coarse_linear
paired,coarse,linear,rho,damage edge (SI coverage 0.90),10000,"0.080:500, 0.100:500",0.09818181818181819,0.07615384615384614,0.11777777777777777,0.09714285714285714,0.011657681635563211,1000.0,1000.0,0.0,0.0,edges,,,,,,,,
paired,coarse,pchip,rho,damage edge (SI coverage 0.90),10000,"0.080:500, 0.100:500",0.09825875580487309,0.07438328751615797,0.11809949395348843,0.0969895347268243,0.012426787335477502,1000.0,1000.0,0.0,0.0,edges,,,,,,,,
paired,coarse,linear,rho,damage edge (SI coverage 0.90),100000,"0.020:300, 0.040:300",0.035199999999999995,0.0,0.042352941176470586,0.03411764705882351,0.01512854151392995,1000.0,1000.0,0.0,0.22,edges,,,,,,,,
paired,coarse,pchip,rho,damage edge (SI coverage 0.90),100000,"0.020:300, 0.040:300",0.03602273316857426,0.0,0.04337885189620938,0.03504920190611115,0.015395520112916727,1000.0,1000.0,0.0,0.22,edges,,,,,,,,
paired,fine,linear,rho,damage edge (SI coverage 0.90),10000,"0.090:1000, 0.095:1000",0.094375,0.076875,0.10821428571428571,0.08326923076923078,0.011107673428867875,1000.0,1000.0,0.0,0.0,edges,,,,,,,,
paired,fine,pchip,rho,damage edge (SI coverage 0.90),10000,"0.090:1000, 0.095:1000",0.09389468674582845,0.07625000000006256,0.10847030527706153,0.08274359704208137,0.011420139346596348,1000.0,1000.0,0.0,0.0,edges,,,,,,,,
paired,fine,linear,rho,damage edge (SI coverage 0.90),100000,"0.030:1000, 0.035:1000",0.03,0.02809090909090909,0.0364,0.03,0.0022330964537948614,1000.0,1000.0,0.0,0.0,edges,,,,,,,,
paired,fine,pchip,rho,damage edge (SI coverage 0.90),100000,"0.030:1000, 0.035:1000",0.03,0.027786442670305285,0.03693827020633758,0.03,0.0023732332396570683,1000.0,1000.0,0.0,0.0,edges,,,,,,,,
frontier (parametric binomial),frontier,linear,rho,damage edge (SI coverage 0.90),10000,500 per point,0.08,0.05,0.10535714285714286,0.08043478260869566,0.01330158289847416,1000.0,1000.0,0.0,0.0,edges,,,,,,,,
frontier (parametric binomial),frontier,pchip,rho,damage edge (SI coverage 0.90),10000,500 per point,0.08318164761804095,0.05,0.11081892147415572,0.08369726740281826,0.014200244109618098,1000.0,1000.0,0.0,0.0,edges,,,,,,,,
frontier (parametric binomial),frontier,linear,rho,damage edge (SI coverage 0.90),100000,500 per point,0.017567567567567558,0.012280701754385965,0.02397260273972601,0.017582417582417572,0.0030759772186237347,1000.0,1000.0,0.0,0.0,edges,,,,,,,,
frontier (parametric binomial),frontier,pchip,rho,damage edge (SI coverage 0.90),100000,500 per point,0.024405199785748982,0.016999259774997826,0.03201629275533999,0.024377173131173446,0.003869862512203341,1000.0,1000.0,0.0,0.0,edges,,,,,,,,
paired,coarse,linear,delta,damage edge (SI coverage 0.90),10000,"0.080:500, 0.100:500",0.016330645161290323,0.012364696086594502,0.02002518891687657,0.016139240506329113,0.002098851051436523,1000.0,1000.0,0.0,0.0,edges,,,,,,,,
paired,coarse,pchip,delta,damage edge (SI coverage 0.90),10000,"0.080:500, 0.100:500",0.01634483668747622,0.012054118056579997,0.02008721388814916,0.016111031675167243,0.002240491684279748,1000.0,1000.0,0.0,0.0,edges,,,,,,,,
paired,coarse,linear,delta,damage edge (SI coverage 0.90),100000,"0.020:300, 0.040:300",0.0054726368159203976,0.0,0.006633906633906634,0.00529841656516443,0.0023579155293177874,1000.0,1000.0,0.0,0.22,edges,,,,,,,,
paired,coarse,pchip,delta,damage edge (SI coverage 0.90),100000,"0.020:300, 0.040:300",0.005605329255374498,0.0,0.006801885780310425,0.005448340263878547,0.0024008998987964303,1000.0,1000.0,0.0,0.22,edges,,,,,,,,
paired,fine,linear,delta,damage edge (SI coverage 0.90),10000,"0.090:1000, 0.095:1000",0.015631469979296063,0.012491536899119837,0.01820184221065278,0.013624921334172436,0.0019896837806625506,1000.0,1000.0,0.0,0.0,edges,,,,,,,,
paired,fine,pchip,delta,damage edge (SI coverage 0.90),10000,"0.090:1000, 0.095:1000",0.015543671144905324,0.01238159675237906,0.01825014454130509,0.013531156082735587,0.002043943969771218,1000.0,1000.0,0.0,0.0,edges,,,,,,,,
paired,fine,linear,delta,damage edge (SI coverage 0.90),100000,"0.030:1000, 0.035:1000",0.004639175257731959,0.004335422317837433,0.005666251556662516,0.004639175257731959,0.0003577614248729943,1000.0,1000.0,0.0,0.0,edges,,,,,,,,
paired,fine,pchip,delta,damage edge (SI coverage 0.90),100000,"0.030:1000, 0.035:1000",0.004639175257731959,0.004287089363363364,0.005753255850108123,0.004639175257731959,0.00038021777703335316,1000.0,1000.0,0.0,0.0,edges,,,,,,,,
frontier (parametric binomial),frontier,linear,delta,damage edge (SI coverage 0.90),10000,500 per point,0.013043478260869565,0.007894736842105263,0.017664670658682633,0.013120567375886525,0.002359896821575439,1000.0,1000.0,0.0,0.0,edges,,,,,,,,
frontier (parametric binomial),frontier,pchip,delta,damage edge (SI coverage 0.90),10000,500 per point,0.013609290335745755,0.007894736842105263,0.01869454785147029,0.013701356182620809,0.00252611343481917,1000.0,1000.0,0.0,0.0,edges,,,,,,,,
frontier (parametric binomial),frontier,linear,delta,damage edge (SI coverage 0.90),100000,500 per point,0.002682255845942227,0.0018650088809946713,0.0036842105263157864,0.00268456375838926,0.00047855804848855797,1000.0,1000.0,0.0,0.0,edges,,,,,,,,
frontier (parametric binomial),frontier,pchip,delta,damage edge (SI coverage 0.90),100000,500 per point,0.0037523569898675153,0.0025939847875048614,0.004961285894956877,0.003747940155737712,0.0006099280109487466,1000.0,1000.0,0.0,0.0,edges,,,,,,,,
,,,delta,,10000,,,,,,,,,,,bracket,0.016330645161290323,0.01634483668747622,0.015631469979296063,0.015543671144905324,0.015543671144905324,0.01634483668747622,-8.779883439073884e-05,-0.0006991751819942597
,,,delta,,100000,,,,,,,,,,,bracket,0.0054726368159203976,0.005605329255374498,0.004639175257731959,0.004639175257731959,0.004639175257731959,0.005605329255374498,0.0,-0.0008334615581884388
,,,rho,,10000,,,,,,,,,,,bracket,0.09818181818181819,0.09825875580487309,0.094375,0.09389468674582845,0.09389468674582845,0.09825875580487309,-0.0004803132541715549,-0.003806818181818189
,,,rho,,100000,,,,,,,,,,,bracket,0.035199999999999995,0.03602273316857426,0.03,0.03,0.03,0.03602273316857426,0.0,-0.005199999999999996
