n,si_variance,coverage_threshold,power_threshold,alpha,rho_lo,rho_hi,band_width,si_already_below_at_rho0,nonempty
10000,joint sandwich SI variance,0.85,0.5,0.05,0.13411764705882354,0.3715116279069767,0.2373939808481532,False,True
10000,joint sandwich SI variance,0.85,0.8,0.05,0.13411764705882354,0.46011904761904765,0.3260014005602241,False,True
10000,joint sandwich SI variance,0.85,0.5,0.1,0.13411764705882354,0.3228070175438596,0.18868937048503606,False,True
10000,joint sandwich SI variance,0.85,0.8,0.1,0.13411764705882354,0.43203125000000003,0.2979136029411765,False,True
10000,joint sandwich SI variance,0.9,0.5,0.05,0.09818181818181819,0.3715116279069767,0.2733298097251585,False,True
10000,joint sandwich SI variance,0.9,0.8,0.05,0.09818181818181819,0.46011904761904765,0.36193722943722945,False,True
10000,joint sandwich SI variance,0.9,0.5,0.1,0.09818181818181819,0.3228070175438596,0.2246251993620414,False,True
10000,joint sandwich SI variance,0.9,0.8,0.1,0.09818181818181819,0.43203125000000003,0.33384943181818183,False,True
10000,joint sandwich SI variance,0.95,0.5,0.05,0.0,0.3715116279069767,0.3715116279069767,True,True
10000,joint sandwich SI variance,0.95,0.8,0.05,0.0,0.46011904761904765,0.46011904761904765,True,True
10000,joint sandwich SI variance,0.95,0.5,0.1,0.0,0.3228070175438596,0.3228070175438596,True,True
10000,joint sandwich SI variance,0.95,0.8,0.1,0.0,0.43203125000000003,0.43203125000000003,True,True
10000,fixed-predictor SI variance (ablation),0.85,0.5,0.05,0.13230769230769232,0.37176470588235294,0.23945701357466062,False,True
10000,fixed-predictor SI variance (ablation),0.85,0.8,0.05,0.13230769230769232,0.46071428571428574,0.3284065934065934,False,True
10000,fixed-predictor SI variance (ablation),0.85,0.5,0.1,0.13230769230769232,0.3228070175438596,0.19049932523616728,False,True
10000,fixed-predictor SI variance (ablation),0.85,0.8,0.1,0.13230769230769232,0.4345864661654136,0.3022787738577213,False,True
10000,fixed-predictor SI variance (ablation),0.9,0.5,0.05,0.09666666666666668,0.37176470588235294,0.27509803921568626,False,True
10000,fixed-predictor SI variance (ablation),0.9,0.8,0.05,0.09666666666666668,0.46071428571428574,0.36404761904761906,False,True
10000,fixed-predictor SI variance (ablation),0.9,0.5,0.1,0.09666666666666668,0.3228070175438596,0.22614035087719292,False,True
10000,fixed-predictor SI variance (ablation),0.9,0.8,0.1,0.09666666666666668,0.4345864661654136,0.3379197994987469,False,True
10000,fixed-predictor SI variance (ablation),0.95,0.5,0.05,0.0,0.37176470588235294,0.37176470588235294,True,True
10000,fixed-predictor SI variance (ablation),0.95,0.8,0.05,0.0,0.46071428571428574,0.46071428571428574,True,True
10000,fixed-predictor SI variance (ablation),0.95,0.5,0.1,0.0,0.3228070175438596,0.3228070175438596,True,True
10000,fixed-predictor SI variance (ablation),0.95,0.8,0.1,0.0,0.4345864661654136,0.4345864661654136,True,True
10000,delta-method first-stage SI variance,0.85,0.5,0.05,0.13444444444444445,0.37176470588235294,0.2373202614379085,False,True
10000,delta-method first-stage SI variance,0.85,0.8,0.05,0.13444444444444445,0.46071428571428574,0.32626984126984127,False,True
10000,delta-method first-stage SI variance,0.85,0.5,0.1,0.13444444444444445,0.3245454545454545,0.19010101010101008,False,True
10000,delta-method first-stage SI variance,0.85,0.8,0.1,0.13444444444444445,0.4345864661654136,0.30014202172096915,False,True
10000,delta-method first-stage SI variance,0.9,0.5,0.05,0.09666666666666668,0.37176470588235294,0.27509803921568626,False,True
10000,delta-method first-stage SI variance,0.9,0.8,0.05,0.09666666666666668,0.46071428571428574,0.36404761904761906,False,True
10000,delta-method first-stage SI variance,0.9,0.5,0.1,0.09666666666666668,0.3245454545454545,0.22787878787878785,False,True
10000,delta-method first-stage SI variance,0.9,0.8,0.1,0.09666666666666668,0.4345864661654136,0.3379197994987469,False,True
10000,delta-method first-stage SI variance,0.95,0.5,0.05,0.0,0.37176470588235294,0.37176470588235294,True,True
10000,delta-method first-stage SI variance,0.95,0.8,0.05,0.0,0.46071428571428574,0.46071428571428574,True,True
10000,delta-method first-stage SI variance,0.95,0.5,0.1,0.0,0.3245454545454545,0.3245454545454545,True,True
10000,delta-method first-stage SI variance,0.95,0.8,0.1,0.0,0.4345864661654136,0.4345864661654136,True,True
100000,joint sandwich SI variance,0.85,0.5,0.05,0.04620689655172414,0.16,0.11379310344827587,False,True
100000,joint sandwich SI variance,0.85,0.8,0.05,0.04620689655172414,0.21691176470588236,0.17070486815415822,False,True
100000,joint sandwich SI variance,0.85,0.5,0.1,0.04620689655172414,0.13470588235294118,0.08849898580121704,False,True
100000,joint sandwich SI variance,0.85,0.8,0.1,0.04620689655172414,0.19000000000000003,0.1437931034482759,False,True
100000,joint sandwich SI variance,0.9,0.5,0.05,0.035199999999999995,0.16,0.12480000000000001,False,True
100000,joint sandwich SI variance,0.9,0.8,0.05,0.035199999999999995,0.21691176470588236,0.18171176470588235,False,True
100000,joint sandwich SI variance,0.9,0.5,0.1,0.035199999999999995,0.13470588235294118,0.09950588235294118,False,True
100000,joint sandwich SI variance,0.9,0.8,0.1,0.035199999999999995,0.19000000000000003,0.15480000000000005,False,True
100000,joint sandwich SI variance,0.95,0.5,0.05,0.0,0.16,0.16,True,True
100000,joint sandwich SI variance,0.95,0.8,0.05,0.0,0.21691176470588236,0.21691176470588236,True,True
100000,joint sandwich SI variance,0.95,0.5,0.1,0.0,0.13470588235294118,0.13470588235294118,True,True
100000,joint sandwich SI variance,0.95,0.8,0.1,0.0,0.19000000000000003,0.19000000000000003,True,True
100000,fixed-predictor SI variance (ablation),0.85,0.5,0.05,0.046000000000000006,0.16,0.11399999999999999,False,True
100000,fixed-predictor SI variance (ablation),0.85,0.8,0.05,0.046000000000000006,0.2173913043478261,0.1713913043478261,False,True
100000,fixed-predictor SI variance (ablation),0.85,0.5,0.1,0.046000000000000006,0.13529411764705884,0.08929411764705883,False,True
100000,fixed-predictor SI variance (ablation),0.85,0.8,0.1,0.046000000000000006,0.1905263157894737,0.1445263157894737,False,True
100000,fixed-predictor SI variance (ablation),0.9,0.5,0.05,0.034999999999999996,0.16,0.125,False,True
100000,fixed-predictor SI variance (ablation),0.9,0.8,0.05,0.034999999999999996,0.2173913043478261,0.1823913043478261,False,True
100000,fixed-predictor SI variance (ablation),0.9,0.5,0.1,0.034999999999999996,0.13529411764705884,0.10029411764705884,False,True
100000,fixed-predictor SI variance (ablation),0.9,0.8,0.1,0.034999999999999996,0.1905263157894737,0.1555263157894737,False,True
100000,fixed-predictor SI variance (ablation),0.95,0.5,0.05,0.0,0.16,0.16,True,True
100000,fixed-predictor SI variance (ablation),0.95,0.8,0.05,0.0,0.2173913043478261,0.2173913043478261,True,True
100000,fixed-predictor SI variance (ablation),0.95,0.5,0.1,0.0,0.13529411764705884,0.13529411764705884,True,True
100000,fixed-predictor SI variance (ablation),0.95,0.8,0.1,0.0,0.1905263157894737,0.1905263157894737,True,True
100000,delta-method first-stage SI variance,0.85,0.5,0.05,0.04620689655172414,0.16,0.11379310344827587,False,True
100000,delta-method first-stage SI variance,0.85,0.8,0.05,0.04620689655172414,0.2173913043478261,0.17118440779610197,False,True
100000,delta-method first-stage SI variance,0.85,0.5,0.1,0.04620689655172414,0.13575757575757577,0.08955067920585164,False,True
100000,delta-method first-stage SI variance,0.85,0.8,0.1,0.04620689655172414,0.19111111111111112,0.14490421455938698,False,True
100000,delta-method first-stage SI variance,0.9,0.5,0.05,0.035199999999999995,0.16,0.12480000000000001,False,True
100000,delta-method first-stage SI variance,0.9,0.8,0.05,0.035199999999999995,0.2173913043478261,0.1821913043478261,False,True
100000,delta-method first-stage SI variance,0.9,0.5,0.1,0.035199999999999995,0.13575757575757577,0.10055757575757578,False,True
100000,delta-method first-stage SI variance,0.9,0.8,0.1,0.035199999999999995,0.19111111111111112,0.1559111111111111,False,True
100000,delta-method first-stage SI variance,0.95,0.5,0.05,0.0,0.16,0.16,True,True
100000,delta-method first-stage SI variance,0.95,0.8,0.05,0.0,0.2173913043478261,0.2173913043478261,True,True
100000,delta-method first-stage SI variance,0.95,0.5,0.1,0.0,0.13575757575757577,0.13575757575757577,True,True
100000,delta-method first-stage SI variance,0.95,0.8,0.1,0.0,0.19111111111111112,0.19111111111111112,True,True
