source,grid,interpolation,scale,quantity,n,alpha,R,point,ci_lo,ci_hi,boot_median,boot_sd,B,n_usable,no_crossing_frac,left_edge_frac,unbounded_frac
paired,coarse,linear,rho,damage edge (SI coverage 0.90),10000,,500,0.09818181818181819,0.07615384615384614,0.11777777777777777,0.09714285714285714,0.011657681635563211,1000,1000,0.0,0.0,0.0
paired,coarse,linear,rho,detection edge (power 0.50),10000,0.05,500,0.3715116279069767,0.36142857142857143,0.38,0.37166666666666665,0.004765824231502308,1000,1000,0.0,0.0,0.0
paired,coarse,linear,rho,band width (detection - damage),10000,0.05,500,0.2733298097251585,0.2523203463203463,0.29678571428571426,0.2741619228336496,0.012615465025163532,1000,1000,0.0,0.0,0.0
paired,coarse,linear,rho,detection edge (power 0.50),10000,0.1,500,0.3228070175438596,0.3069230769230769,0.3394230769230769,0.32291666666666663,0.007793166037088492,1000,1000,0.0,0.0,0.0
paired,coarse,linear,rho,band width (detection - damage),10000,0.1,500,0.2246251993620414,0.20031007751937985,0.25258503401360544,0.22504105090311982,0.013871034170855057,1000,1000,0.0,0.0,0.0
paired,coarse,linear,rho,damage edge (SI coverage 0.90),100000,,300,0.035199999999999995,0.0,0.042352941176470586,0.03411764705882351,0.01512854151392995,1000,1000,0.0,0.22,0.0
paired,coarse,linear,rho,detection edge (power 0.50),100000,0.05,300,0.16,0.1502857142857143,0.16516129032258065,0.16,0.0040774212279066895,1000,1000,0.0,0.0,0.0
paired,coarse,linear,rho,band width (detection - damage),100000,0.05,300,0.12480000000000001,0.1129082125603865,0.16333333333333333,0.1252857142857143,0.01571712018007175,1000,1000,0.0,0.0,0.0
paired,coarse,linear,rho,detection edge (power 0.50),100000,0.1,300,0.13470588235294118,0.1280952380952381,0.14400000000000002,0.13483870967741937,0.004250161046379067,1000,1000,0.0,0.0,0.0
paired,coarse,linear,rho,band width (detection - damage),100000,0.1,300,0.09950588235294118,0.08900699300699301,0.1406451612903226,0.10142857142857145,0.015837932501206707,1000,1000,0.0,0.0,0.0
paired,coarse,linear,rho,"shrink factor, damage edge (n=1e4 / n=1e5)",,,,2.789256198347108,2.079787234042554,inf,2.883374689826303,0.4152083516379546,1000,1000,0.0,0.0,0.22
paired,coarse,linear,rho,"shrink factor, detection edge (n=1e4 / n=1e5)",,0.05,,2.3219476744186043,2.2223455625242825,2.4791463306415835,2.3294898672257163,0.06915903614368533,1000,1000,0.0,0.0,0.0
paired,coarse,linear,rho,"shrink factor, detection edge (n=1e4 / n=1e5)",,0.1,,2.3963839730330188,2.2080979284369113,2.572115384615384,2.390916808149405,0.09320171279164083,1000,1000,0.0,0.0,0.0
paired,coarse,linear,rho,"shrink factor, band width (n=1e4 / n=1e5)",,0.05,,2.190142706131078,1.6250575771533853,2.5192511949017518,2.175293355409978,0.24881158516735005,1000,1000,0.0,0.0,0.0
paired,coarse,linear,rho,"shrink factor, band width (n=1e4 / n=1e5)",,0.1,,2.257406236199281,1.5568641884431356,2.6632343085489514,2.197968100765805,0.3077677171033541,1000,1000,0.0,0.0,0.0
paired,coarse,linear,delta,damage edge (SI coverage 0.90),10000,,500,0.016330645161290323,0.012364696086594502,0.02002518891687657,0.016139240506329113,0.002098851051436523,1000,1000,0.0,0.0,0.0
paired,coarse,linear,delta,detection edge (power 0.50),10000,0.05,500,0.08866790009250694,0.0848993288590604,0.09193548387096774,0.08872679045092836,0.0018068737432847873,1000,1000,0.0,0.0,0.0
paired,coarse,linear,delta,band width (detection - damage),10000,0.05,500,0.07233725493121662,0.06721901025535136,0.07753530443012789,0.07248146810815402,0.002777257172788338,1000,1000,0.0,0.0,0.0
paired,coarse,linear,delta,detection edge (power 0.50),10000,0.1,500,0.0715025906735751,0.06642619311875693,0.07707423580786024,0.07153846153846152,0.002554383901395824,1000,1000,0.0,0.0,0.0
paired,coarse,linear,delta,band width (detection - damage),10000,0.1,500,0.055171945512284784,0.049229340373798613,0.06282090003020235,0.055276818086093346,0.0032658335832655367,1000,1000,0.0,0.0,0.0
paired,coarse,linear,delta,damage edge (SI coverage 0.90),100000,,300,0.0054726368159203976,0.0,0.006633906633906634,0.00529841656516443,0.0023579155293177874,1000,1000,0.0,0.22,0.0
paired,coarse,linear,delta,detection edge (power 0.50),100000,0.05,300,0.028571428571428574,0.026529926025554814,0.029675425038639874,0.028571428571428574,0.0008618033328507695,1000,1000,0.0,0.0,0.0
paired,coarse,linear,delta,band width (detection - damage),100000,0.05,300,0.023098791755508177,0.0208090811522933,0.02928286852589641,0.023192942515651682,0.002520302763463846,1000,1000,0.0,0.0,0.0
paired,coarse,linear,delta,detection edge (power 0.50),100000,0.1,300,0.023351461590754588,0.022037138175860185,0.025233644859813085,0.023378076062639825,0.0008537561598677671,1000,1000,0.0,0.0,0.0
paired,coarse,linear,delta,band width (detection - damage),100000,0.1,300,0.01787882477483419,0.01599285199029445,0.02454954954954955,0.01820212663286914,0.002531733772747444,1000,1000,0.0,0.0,0.0
paired,coarse,linear,delta,"shrink factor, damage edge (n=1e4 / n=1e5)",,,,2.984054252199414,2.177536231884058,inf,3.089839058371367,0.4732733358778217,1000,1000,0.0,0.0,0.22
paired,coarse,linear,delta,"shrink factor, detection edge (n=1e4 / n=1e5)",,0.05,,3.1033765032377425,2.9227097067515344,3.3644382853411856,3.1166483325613714,0.11831077468848246,1000,1000,0.0,0.0,0.0
paired,coarse,linear,delta,"shrink factor, detection edge (n=1e4 / n=1e5)",,0.1,,3.0620177840124887,2.7696273575670562,3.361109527664086,3.0530650087260027,0.15321053976985852,1000,1000,0.0,0.0,0.0
paired,coarse,linear,delta,"shrink factor, band width (n=1e4 / n=1e5)",,0.05,,3.1316466980991313,2.4139568093548482,3.572954942805827,3.1120227568313297,0.3190039998920409,1000,1000,0.0,0.0,0.0
paired,coarse,linear,delta,"shrink factor, band width (n=1e4 / n=1e5)",,0.1,,3.085882109541311,2.1615628033421848,3.6321545921554677,2.997926548967368,0.3921900635822735,1000,1000,0.0,0.0,0.0
paired,fine,linear,rho,damage edge (SI coverage 0.90),10000,,"0.090:1000, 0.095:1000",0.094375,0.076875,0.10821428571428571,0.08326923076923078,0.011107673428867875,1000,1000,0.0,0.0,0.0
paired,fine,linear,rho,band width (detection - damage),10000,0.05,500,0.27713662790697674,0.2596594982078853,0.30092879256965943,0.2857454819277109,0.012219423123193728,1000,1000,0.0,0.0,0.0
paired,fine,linear,rho,band width (detection - damage),10000,0.1,500,0.2284320175438596,0.20766009852216744,0.25906862745098036,0.2372880116959064,0.013653387312857921,1000,1000,0.0,0.0,0.0
paired,fine,linear,rho,damage edge (SI coverage 0.90),100000,,"0.030:1000, 0.035:1000",0.03,0.02809090909090909,0.0364,0.03,0.0022330964537948614,1000,1000,0.0,0.0,0.0
paired,fine,linear,rho,band width (detection - damage),100000,0.05,300,0.13,0.11847480106100795,0.1354199900299103,0.1286931818181818,0.0046329873075738005,1000,1000,0.0,0.0,0.0
paired,fine,linear,rho,band width (detection - damage),100000,0.1,300,0.10470588235294118,0.09514204545454547,0.11411928651059086,0.10430441898527007,0.0047905940360370115,1000,1000,0.0,0.0,0.0
paired,fine,linear,rho,"shrink factor, damage edge (n=1e4 / n=1e5)",,,,3.1458333333333335,2.1516095534787123,3.7016129032258065,2.775,0.4053833819960751,1000,1000,0.0,0.0,0.0
paired,fine,linear,rho,"shrink factor, band width (n=1e4 / n=1e5)",,0.05,,2.1318202146690517,1.9777163380690046,2.486936126111384,2.2168667998511298,0.1283078483546524,1000,1000,0.0,0.0,0.0
paired,fine,linear,rho,"shrink factor, band width (n=1e4 / n=1e5)",,0.1,,2.181654100137985,1.9343916114468795,2.6106376490602976,2.2665931003525563,0.1697808566297869,1000,1000,0.0,0.0,0.0
paired,fine,pchip,rho,damage edge (SI coverage 0.90),10000,,"0.090:1000, 0.095:1000",0.09389468674582845,0.07625000000006256,0.10847030527706153,0.08274359704208137,0.011420139346596348,1000,1000,0.0,0.0,0.0
paired,fine,pchip,rho,band width (detection - damage),10000,0.05,500,0.27761694116114827,0.2595079481212229,0.3014003391890422,0.2862341369054091,0.01250629785743099,1000,1000,0.0,0.0,0.0
paired,fine,pchip,rho,band width (detection - damage),10000,0.1,500,0.22891233079803114,0.20786580352093464,0.25980140450508526,0.23785777909536548,0.01390614458597047,1000,1000,0.0,0.0,0.0
paired,fine,pchip,rho,damage edge (SI coverage 0.90),100000,,"0.030:1000, 0.035:1000",0.03,0.027786442670305285,0.03693827020633758,0.03,0.0023732332396570683,1000,1000,0.0,0.0,0.0
paired,fine,pchip,rho,band width (detection - damage),100000,0.05,300,0.13,0.11843137254901961,0.1357913859783777,0.1290207876838172,0.004707435786249359,1000,1000,0.0,0.0,0.0
paired,fine,pchip,rho,band width (detection - damage),100000,0.1,300,0.10470588235294118,0.09509482212465396,0.11455712291046319,0.10451650603708569,0.004871886259175323,1000,1000,0.0,0.0,0.0
paired,fine,pchip,rho,"shrink factor, damage edge (n=1e4 / n=1e5)",,,,3.129822891527615,2.0999659032692755,3.750365384919661,2.7857762897328913,0.42345124943781826,1000,1000,0.0,0.0,0.0
paired,fine,pchip,rho,"shrink factor, band width (n=1e4 / n=1e5)",,0.05,,2.135514932008833,1.9722735707961565,2.48399172659284,2.2171849612283245,0.13072228414747514,1000,1000,0.0,0.0,0.0
paired,fine,pchip,rho,"shrink factor, band width (n=1e4 / n=1e5)",,0.1,,2.18624136155423,1.9319589643830184,2.615908588588808,2.2673116245350635,0.17258584779364516,1000,1000,0.0,0.0,0.0
paired,fine,linear,delta,damage edge (SI coverage 0.90),10000,,"0.090:1000, 0.095:1000",0.015631469979296063,0.012491536899119837,0.01820184221065278,0.013624921334172436,0.0019896837806625506,1000,1000,0.0,0.0,0.0
paired,fine,linear,delta,band width (detection - damage),10000,0.05,500,0.07303643011321087,0.06867811128120513,0.079136674212848,0.07442317288575931,0.0027273244181397617,1000,1000,0.0,0.0,0.0
paired,fine,linear,delta,band width (detection - damage),10000,0.1,500,0.05587112069427904,0.05026782257023621,0.06362129112119734,0.05741193789423195,0.003258810400353751,1000,1000,0.0,0.0,0.0
paired,fine,linear,delta,damage edge (SI coverage 0.90),100000,,"0.030:1000, 0.035:1000",0.004639175257731959,0.004335422317837433,0.005666251556662516,0.004639175257731959,0.0003577614248729943,1000,1000,0.0,0.0,0.0
paired,fine,linear,delta,band width (detection - damage),100000,0.05,300,0.023932253313696614,0.021695864077875025,0.02503571484099283,0.023704068188155736,0.0009305620647497079,1000,1000,0.0,0.0,0.0
paired,fine,linear,delta,band width (detection - damage),100000,0.1,300,0.01871228633302263,0.016993692471757714,0.020589854286359857,0.018648409121290985,0.0009239654917844199,1000,1000,0.0,0.0,0.0
paired,fine,linear,delta,"shrink factor, damage edge (n=1e4 / n=1e5)",,,,3.3694501955371514,2.254780385146297,4.0240053010451495,2.9342359767891684,0.46435078524470086,1000,1000,0.0,0.0,0.0
paired,fine,linear,delta,"shrink factor, band width (n=1e4 / n=1e5)",,0.05,,3.051799141345857,2.8243925879340464,3.511073877493558,3.146901665845628,0.17642639600381668,1000,1000,0.0,0.0,0.0
paired,fine,linear,delta,"shrink factor, band width (n=1e4 / n=1e5)",,0.1,,2.985798726031683,2.6237241869096084,3.5463927748874062,3.0706168585807747,0.23284221753975554,1000,1000,0.0,0.0,0.0
paired,fine,pchip,delta,damage edge (SI coverage 0.90),10000,,"0.090:1000, 0.095:1000",0.015543671144905324,0.01238159675237906,0.01825014454130509,0.013531156082735587,0.002043943969771218,1000,1000,0.0,0.0,0.0
paired,fine,pchip,delta,band width (detection - damage),10000,0.05,500,0.07312422894760162,0.06860045769828314,0.07919705573745217,0.07446982781319485,0.002767779180699832,1000,1000,0.0,0.0,0.0
paired,fine,pchip,delta,band width (detection - damage),10000,0.1,500,0.05595891952866978,0.05035577910016407,0.06369138683177754,0.057483238832362074,0.0032916897834907185,1000,1000,0.0,0.0,0.0
paired,fine,pchip,delta,damage edge (SI coverage 0.90),100000,,"0.030:1000, 0.035:1000",0.004639175257731959,0.004287089363363364,0.005753255850108123,0.004639175257731959,0.00038021777703335316,1000,1000,0.0,0.0,0.0
paired,fine,pchip,delta,band width (detection - damage),100000,0.05,300,0.023932253313696614,0.02172415605026658,0.025088896511273592,0.023744776053126027,0.0009403203420939116,1000,1000,0.0,0.0,0.0
paired,fine,pchip,delta,band width (detection - damage),100000,0.1,300,0.01871228633302263,0.016962297270291717,0.0206533008025116,0.018682651173039373,0.0009353102270072144,1000,1000,0.0,0.0,0.0
paired,fine,pchip,delta,"shrink factor, damage edge (n=1e4 / n=1e5)",,,,3.3505246690129256,2.197555516462495,4.081115160015943,2.9440369793915937,0.4845684301121119,1000,1000,0.0,0.0,0.0
paired,fine,pchip,delta,"shrink factor, band width (n=1e4 / n=1e5)",,0.05,,3.055467781872092,2.816949470370672,3.5108177576554884,3.1443836036889916,0.17833619454127045,1000,1000,0.0,0.0,0.0
paired,fine,pchip,delta,"shrink factor, band width (n=1e4 / n=1e5)",,0.1,,2.990490768085133,2.6172763073560437,3.5402690665856666,3.0655491048564767,0.23504862590735015,1000,1000,0.0,0.0,0.0
frontier (parametric binomial),coarse,linear,rho,damage edge (SI coverage 0.90),10000,,500,0.08,0.05,0.10535714285714286,0.08043478260869566,0.01330158289847416,1000,1000,0.0,0.0,0.0
frontier (parametric binomial),coarse,linear,rho,damage edge (SI coverage 0.90),100000,,500,0.017567567567567558,0.012280701754385965,0.02397260273972601,0.017582417582417572,0.0030759772186237347,1000,1000,0.0,0.0,0.0
frontier (parametric binomial),coarse,linear,rho,"shrink factor, damage edge (n=1e4 / n=1e5)",,,,4.553846153846156,2.6535326086956563,7.389162561576364,4.58391608391609,1.1987409541157366,1000,1000,0.0,0.0,0.0
frontier (parametric binomial),coarse,linear,delta,damage edge (SI coverage 0.90),10000,,500,0.013043478260869565,0.007894736842105263,0.017664670658682633,0.013120567375886525,0.002359896821575439,1000,1000,0.0,0.0,0.0
frontier (parametric binomial),coarse,linear,delta,damage edge (SI coverage 0.90),100000,,500,0.002682255845942227,0.0018650088809946713,0.0036842105263157864,0.00268456375838926,0.00047855804848855797,1000,1000,0.0,0.0,0.0
frontier (parametric binomial),coarse,linear,delta,"shrink factor, damage edge (n=1e4 / n=1e5)",,,,4.8628762541806045,2.7377025772827914,8.100303951367792,4.915419339510579,1.3485781554952538,1000,1000,0.0,0.0,0.0
