n,rho,pi_L,R,protocol,true_tau,si_bias,ppi_bias,mean_lambda,si_cov_sandwich,si_cov_sandwich_mcse,si_cov_plugin,si_cov_plugin_mcse,si_cov_delta,si_cov_delta_mcse,ppi_cov_exact,ppi_cov_exact_mcse,rej_sandwich_a05,rej_sandwich_a05_mcse,rej_sandwich_a10,rej_sandwich_a10_mcse,mean_T_n_sandwich,mean_SE_D_sandwich,rej_fixedf_a05,rej_fixedf_a05_mcse,rej_fixedf_a10,rej_fixedf_a10_mcse,mean_T_n_fixedf,mean_SE_D_fixedf,rej_delta_a05,rej_delta_a05_mcse,rej_delta_a10,rej_delta_a10_mcse,mean_T_n_delta,mean_SE_D_delta
10000,0.06,0.2,1000,allunits_crossfit,0.15957446808510636,-0.009607836347268816,-0.0014220055835203209,0.9985994340119114,0.938,0.00762600813007697,0.936,0.007739767438366605,0.938,0.00762600813007697,0.947,0.007084560677981384,0.051,0.00695693898205238,0.091,0.009094998625618368,0.183762835166916,0.04452070584398662,0.048,0.006759881655768835,0.09,0.009049861877399014,0.18275226246271947,0.044813465941819126,0.048,0.006759881655768835,0.087,0.00891240708226459,0.18223375969149053,0.04494449427269389
10000,0.065,0.2,1000,allunits_crossfit,0.16042780748663102,-0.01104080742083454,-0.0031238834401512016,0.9976570234248648,0.928,0.00817410545564467,0.926,0.008277922444671728,0.928,0.00817410545564467,0.952,0.006759881655768837,0.06,0.007509993342207435,0.097,0.00935900635751467,0.17742157790289026,0.04454086220899703,0.059,0.007451107300260815,0.094,0.009228434320078352,0.17647552866514218,0.04481449484727075,0.058,0.007391616873188166,0.094,0.009228434320078352,0.17593705795239412,0.04494739560446476
10000,0.07,0.2,1000,allunits_crossfit,0.16129032258064516,-0.010760951788775772,-0.0008435292948583827,0.9983427551015934,0.944,0.007270763371201131,0.94,0.007509993342207438,0.943,0.007331507348424336,0.95,0.006892024376045114,0.056,0.007270763371201128,0.119,0.010239091756596383,0.222486762068221,0.0445386861126115,0.056,0.007270763371201128,0.117,0.010164201887015036,0.22121456452025867,0.04482526612120576,0.055,0.00720936890441875,0.115,0.010088359628799918,0.2205769764312815,0.04495818451020631
10000,0.075,0.2,1000,allunits_crossfit,0.16216216216216214,-0.012829127458408834,-0.00039265681313389546,0.9987621004762018,0.922,0.008480330182251158,0.918,0.008676174272108645,0.923,0.008430361795320529,0.959,0.006270486424512857,0.052,0.007021111023192838,0.12,0.010276186062932104,0.27972592557932346,0.04452506136228902,0.05,0.006892024376045111,0.117,0.010164201887015036,0.2780903606961552,0.04481396711854995,0.049,0.006826346021115542,0.112,0.00997276290703835,0.27727906190383533,0.044943804559946225
10000,0.08,0.2,1000,allunits_crossfit,0.16304347826086957,-0.014904951384227403,-0.0035264471541186317,0.9983411542914099,0.904,0.009315793041926167,0.902,0.009401914698613255,0.904,0.009315793041926167,0.96,0.00619677335393187,0.057,0.007331507348424334,0.116,0.010126401137620413,0.2553692603157568,0.044590252870918876,0.056,0.007270763371201128,0.113,0.01001154333756789,0.25338878756929756,0.044874507425982146,0.055,0.00720936890441875,0.112,0.00997276290703835,0.2526469888180118,0.04500467108488918
10000,0.085,0.2,1000,allunits_crossfit,0.16393442622950818,-0.01484348374718616,-0.0010526867869459116,0.9966530534784592,0.903,0.009359006357514668,0.9,0.009486832980505136,0.904,0.009315793041926167,0.952,0.006759881655768837,0.067,0.007906389820898032,0.13,0.010634848376916336,0.31025047778413933,0.04458043323671456,0.066,0.007851369307324678,0.129,0.010599952830083727,0.3084024406914567,0.044843421756675286,0.064,0.007739767438366608,0.128,0.010564847372300274,0.307531580653333,0.0449723372234126
10000,0.09,0.2,1000,allunits_crossfit,0.16483516483516483,-0.015568411491957049,-0.0017677946767669995,0.9986126085010654,0.914,0.008865889690267975,0.912,0.008958571314668425,0.915,0.008819013550278736,0.945,0.007209368904418752,0.054,0.007147307185227175,0.118,0.01020176455325254,0.3091768774369935,0.044549219211328255,0.051,0.00695693898205238,0.116,0.010126401137620413,0.3071023783451982,0.04483779170558347,0.051,0.00695693898205238,0.114,0.010050074626588601,0.3062061179254804,0.04496938918816935
10000,0.095,0.2,1000,allunits_crossfit,0.16574585635359115,-0.01596779752320199,0.000588597542891637,0.99680558055302,0.898,0.009570579919733181,0.894,0.009734680272099335,0.898,0.009570579919733181,0.941,0.007451107300260817,0.071,0.008121514637061242,0.137,0.010873407929439602,0.3718000315554677,0.04456564006640642,0.071,0.008121514637061242,0.133,0.010738295954200556,0.3693615723499461,0.04482710351092642,0.071,0.008121514637061242,0.132,0.010704017937204702,0.3683009620092404,0.04495791684952228
10000,0.1,0.2,1000,allunits_crossfit,0.16666666666666666,-0.01567358016139115,-0.000278592257085157,0.9992065008429264,0.906,0.009228434320078352,0.903,0.009359006357514668,0.904,0.009315793041926167,0.939,0.007568289106528638,0.068,0.007960904471226871,0.117,0.010164201887015036,0.3452972471886139,0.04459510273500128,0.068,0.007960904471226871,0.116,0.010126401137620413,0.34287375918217095,0.04489716312181127,0.068,0.007960904471226871,0.116,0.010126401137620413,0.3418161218080068,0.045030054376835695
10000,0.105,0.2,1000,allunits_crossfit,0.16759776536312848,-0.016897971659795258,0.0019084123823753555,0.9972638671834518,0.913,0.008912407082264588,0.909,0.009094998625618366,0.914,0.008865889690267975,0.947,0.007084560677981384,0.074,0.00827792244467173,0.13,0.010634848376916336,0.42141065380992304,0.04453987933252532,0.071,0.008121514637061242,0.127,0.010529529904036551,0.4187519025982706,0.04482396396457826,0.07,0.008068457101577725,0.125,0.010458250331675944,0.41753638496599177,0.04495635088799823
10000,0.11,0.2,1000,allunits_crossfit,0.16853932584269662,-0.018354987217107717,-0.00017572413176616142,0.9977228174845437,0.883,0.010164201887015036,0.879,0.010313049985334114,0.883,0.010164201887015036,0.96,0.00619677335393187,0.069,0.008014923580421713,0.122,0.010349685985574635,0.4079480255385808,0.04458684337675194,0.066,0.007851369307324678,0.122,0.010349685985574635,0.4057719215553069,0.044872725567052865,0.066,0.007851369307324678,0.12,0.010276186062932104,0.4046127339252902,0.045004009391298706
10000,0.115,0.2,1000,allunits_crossfit,0.1694915254237288,-0.020850874514824827,0.0008521376645713304,0.9983433759924487,0.862,0.01090669519148674,0.86,0.010972693379476163,0.862,0.01090669519148674,0.947,0.007084560677981384,0.08,0.008579044235810887,0.141,0.011005407761641547,0.48605188781574404,0.04459068180901311,0.077,0.00843036179532053,0.138,0.01090669519148674,0.4832003530803435,0.04487680178342465,0.075,0.008329165624478841,0.137,0.010873407929439602,0.48183186347525564,0.04500681694025152
10000,0.12,0.2,1000,allunits_crossfit,0.17045454545454544,-0.01956672147729587,0.0017421348306101956,0.9977603450859133,0.865,0.010806248192596726,0.86,0.010972693379476163,0.866,0.010772372069326236,0.956,0.006485676526007139,0.064,0.007739767438366608,0.127,0.010529529904036551,0.4779070660989708,0.044535773832532384,0.062,0.007626008130076967,0.126,0.010493998284733994,0.4747792660487357,0.044816887645094616,0.06,0.007509993342207435,0.125,0.010458250331675944,0.4734075958053279,0.04494759129608626
10000,0.125,0.2,1000,allunits_crossfit,0.17142857142857143,-0.02045285047840933,0.0028042568679118515,0.9974391853711226,0.872,0.010564847372300274,0.866,0.010772372069326236,0.871,0.010599952830083727,0.957,0.006414904519944161,0.081,0.008627803892068943,0.151,0.01132249972400088,0.5215365009347461,0.04452405629118379,0.076,0.008379976133617566,0.15,0.011291589790636216,0.517826705376134,0.044813961615237895,0.075,0.008329165624478841,0.15,0.011291589790636216,0.5163417924879774,0.04494655466480228
10000,0.13,0.2,1000,allunits_crossfit,0.17241379310344826,-0.021942587754292725,-0.0017019210742763601,0.9993729989675249,0.857,0.011070275515993268,0.854,0.011166198995181844,0.856,0.011102432165971564,0.936,0.007739767438366605,0.085,0.008819013550278738,0.144,0.011102432165971562,0.45448484294881225,0.044498821812838554,0.085,0.008819013550278738,0.139,0.010939789760319894,0.45138219211203406,0.04479344952770755,0.085,0.008819013550278738,0.138,0.01090669519148674,0.45004190086264056,0.04492433237505471
10000,0.135,0.2,1000,allunits_crossfit,0.17341040462427745,-0.023347407269892685,0.0010971706774676542,0.9971095959276929,0.838,0.011651437679531227,0.833,0.01179453263168999,0.838,0.011651437679531227,0.938,0.00762600813007697,0.085,0.008819013550278738,0.153,0.011383804285035824,0.5481430947298849,0.04454855985395964,0.083,0.008724161850859944,0.153,0.011383804285035824,0.5445717185784933,0.044820415140179475,0.083,0.008724161850859944,0.151,0.01132249972400088,0.542968681274539,0.044951101985212814
10000,0.14,0.2,1000,allunits_crossfit,0.1744186046511628,-0.02454701147711254,-0.0011902998337518537,0.9967574563442572,0.834,0.011766222843376714,0.83,0.0118785521003193,0.834,0.011766222843376714,0.96,0.00619677335393187,0.086,0.008865889690267977,0.14,0.010972693379476163,0.5241135767964995,0.04457682244404481,0.085,0.008819013550278738,0.139,0.010939789760319894,0.5209009102052964,0.044844160652998524,0.084,0.008771772910877254,0.139,0.010939789760319894,0.5193844596463438,0.04497539119159577
100000,0.0,0.2,2000,allunits_crossfit,0.15,0.00031410687878693323,-1.406653419357401e-05,0.9997769173808609,0.9415,0.0052477495176503994,0.9395,0.005331029450303197,0.9415,0.0052477495176503994,0.947,0.005009540897128201,0.0465,0.004708383480558906,0.0985,0.006663248081829162,-0.023228076309975965,0.014105170576656228,0.046,0.00468422885862764,0.0985,0.006663248081829162,-0.023190196002058523,0.014149386636805407,0.045,0.004635461142108733,0.0945,0.0065410148295199574,-0.023121716395863516,0.014189118395309843
100000,0.005,0.2,1000,allunits_crossfit,0.1507537688442211,-0.00022524771824981336,0.0007364717922888405,0.9998820021362601,0.96,0.00619677335393187,0.959,0.006270486424512857,0.96,0.00619677335393187,0.951,0.006826346021115546,0.057,0.007331507348424334,0.097,0.00935900635751467,0.06819549436823218,0.014100311954667735,0.057,0.007331507348424334,0.097,0.00935900635751467,0.06811163096201259,0.014145509405718924,0.057,0.007331507348424334,0.097,0.00935900635751467,0.06792479566335773,0.014185379072172972
100000,0.01,0.2,1000,allunits_crossfit,0.15151515151515152,-0.0020299943635423956,-0.001106792075612852,1.0004066472012303,0.936,0.007739767438366605,0.935,0.0077958322198467015,0.936,0.007739767438366605,0.961,0.006122009474020767,0.05,0.006892024376045111,0.094,0.009228434320078352,0.06535633091698835,0.014099876256067873,0.05,0.006892024376045111,0.093,0.009184280047995052,0.06507311002169082,0.014146863165156414,0.048,0.006759881655768835,0.092,0.00913980306133562,0.06488624278570233,0.01418636559581126
100000,0.015,0.2,1000,allunits_crossfit,0.15228426395939085,-0.0025623118974197317,-0.0009590893023655331,1.0001308095061967,0.934,0.007851369307324675,0.931,0.008014923580421711,0.934,0.007851369307324675,0.943,0.007331507348424336,0.05,0.006892024376045111,0.106,0.009734680272099337,0.1132690351147024,0.014101710077529089,0.05,0.006892024376045111,0.106,0.009734680272099337,0.11286391154602766,0.014147768941602084,0.048,0.006759881655768835,0.106,0.009734680272099337,0.11254494344618234,0.014187411451450966
100000,0.02,0.2,1000,allunits_crossfit,0.15306122448979592,-0.003103154265128854,-9.46796948067227e-05,0.9998393734664189,0.936,0.007739767438366605,0.933,0.007906389820898028,0.936,0.007739767438366605,0.956,0.006485676526007139,0.052,0.007021111023192838,0.108,0.009815090422405696,0.21306936269416196,0.014100944015336452,0.052,0.007021111023192838,0.108,0.009815090422405696,0.21222288696484096,0.014145139265138464,0.052,0.007021111023192838,0.108,0.009815090422405696,0.21162770753041452,0.014184757559764725
100000,0.025,0.2,1000,allunits_crossfit,0.15384615384615385,-0.0037402918931035197,0.0004797449252934034,0.999475282135386,0.936,0.007739767438366605,0.936,0.007739767438366605,0.936,0.007739767438366605,0.951,0.006826346021115546,0.067,0.007906389820898032,0.118,0.01020176455325254,0.29918290614877824,0.01410160975746043,0.067,0.007906389820898032,0.118,0.01020176455325254,0.2983474264015906,0.014145085752842764,0.067,0.007906389820898032,0.117,0.010164201887015036,0.2975031132635074,0.014184851665975313
100000,0.03,0.2,1000,allunits_crossfit,0.15463917525773196,-0.00462875719216621,-0.00025250856391026324,0.9998703462743581,0.9,0.009486832980505136,0.898,0.009570579919733181,0.899,0.009528850927577784,0.952,0.006759881655768837,0.058,0.007391616873188166,0.106,0.009734680272099337,0.3107198892398896,0.014095967656664155,0.057,0.007331507348424334,0.104,0.009653186002558949,0.30971521332738733,0.014141428489958195,0.057,0.007331507348424334,0.102,0.009570579919733181,0.30885748977718,0.01418105120829162
100000,0.035,0.2,1000,allunits_crossfit,0.15544041450777202,-0.005226595696712549,0.00043580265671459384,0.9995399113170889,0.889,0.00993373041711924,0.885,0.010088359628799917,0.889,0.00993373041711924,0.955,0.00655553201502365,0.061,0.0075682891065286355,0.116,0.010126401137620413,0.40131177892365405,0.014102375592950703,0.057,0.007331507348424334,0.115,0.010088359628799918,0.3999053389026307,0.014146174619809859,0.055,0.00720936890441875,0.115,0.010088359628799918,0.39876876642668263,0.014185853686371729
100000,0.04,0.2,1000,allunits_crossfit,0.15625,-0.006229963286619074,-0.00026077337160196107,0.9993463568684083,0.887,0.010011543337567888,0.887,0.010011543337567888,0.887,0.010011543337567888,0.942,0.007391616873188169,0.071,0.008121514637061242,0.136,0.010839926199010766,0.42332576387219173,0.014101676472763875,0.07,0.008068457101577725,0.133,0.010738295954200556,0.422066943136857,0.01414450373823847,0.069,0.008014923580421713,0.132,0.010704017937204702,0.4208659791439882,0.014184226612000276
100000,0.045,0.2,1000,allunits_crossfit,0.15706806282722513,-0.007136187242627216,0.0002506226076039989,0.999585514736776,0.859,0.011005407761641547,0.855,0.011134406135937382,0.857,0.011070275515993268,0.96,0.00619677335393187,0.082,0.008676174272108648,0.141,0.011005407761641547,0.5240211749671224,0.014103324661894165,0.082,0.008676174272108648,0.141,0.011005407761641547,0.5223144255884934,0.01414843721065435,0.081,0.008627803892068943,0.141,0.011005407761641547,0.5208480812494131,0.014188125265842082
100000,0.05,0.2,1000,allunits_crossfit,0.15789473684210525,-0.007625420744943757,0.00018077784032526978,0.9992293074432964,0.849,0.01132249972400088,0.842,0.011534123287012326,0.848,0.011353237423748348,0.952,0.006759881655768837,0.087,0.00891240708226459,0.139,0.010939789760319894,0.5532911391811899,0.01410471874857799,0.085,0.008819013550278738,0.138,0.01090669519148674,0.5516620616283247,0.0141480916160431,0.084,0.008771772910877254,0.136,0.010839926199010766,0.5501135125223684,0.014187912191427732
100000,0.055,0.2,1000,allunits_crossfit,0.15873015873015872,-0.00868441200026587,-0.0004543621055516881,0.9996700854593308,0.794,0.0127892142057282,0.793,0.012812142677944232,0.794,0.0127892142057282,0.948,0.007021111023192843,0.101,0.009528850927577786,0.166,0.011766222843376714,0.5834608996276927,0.01410368789773007,0.1,0.009486832980505138,0.165,0.011737759581794134,0.5815527141409772,0.014148096911498428,0.098,0.009401914698613257,0.162,0.011651437679531225,0.5799307608232925,0.014187753284574101
100000,0.06,0.2,1000,allunits_crossfit,0.15957446808510636,-0.00943330548701186,-0.0002951824655473248,0.9998913139718176,0.767,0.013368283360252356,0.763,0.013447341744746431,0.767,0.013368283360252356,0.952,0.006759881655768837,0.098,0.009401914698613257,0.163,0.011680368144883106,0.6484020066147405,0.014098945779446873,0.097,0.00935900635751467,0.163,0.011680368144883106,0.6460913109910895,0.014144558567350737,0.096,0.009315793041926168,0.163,0.011680368144883106,0.6442808369198486,0.014184349131164793
