dgp,config_name,pi_L,n,R,protocol,method_id,method_label,lambda_rule,clip,per_arm,variance,si_variance,alpha,target,seed,true_tau,n_valid,bias,rel_bias,rmse,coverage,ci_width,rejection,cdr,relative_efficiency,mc_se_bias,mc_se_rmse,mc_se_coverage,mc_se_ci_width,mc_se_rejection,mc_se_cdr,method_key
9,DGP9_piL0.05,0.05,10000,500,allunits_crossfit,6,AIPW,,,,,,0.05,ATE,42,0.4100000000000001,500,-0.005654659241747885,-1.379185180914118,0.09466606346739816,0.952,0.36722506265478966,0.994,0.994,1.1957318492417526,0.004230267974587423,0.002848802423033239,0.009559916317625384,0.0005055057271960415,0.0034536936748935927,0.0034536936748935927,aipw
9,DGP9_piL0.05,0.05,10000,500,allunits_crossfit,5,Composite Proxy,,,,,,0.05,ATE,42,0.4100000000000001,500,-0.2612263140794306,-63.71373514132452,0.26210935652946266,0.0,0.08635110009884209,1.0,1.0,0.4318625959374529,0.0009623447617190255,0.0009553194655867075,0.0,2.8241428440106146e-05,0.0,0.0,cp
9,DGP9_piL0.05,0.05,10000,500,allunits_crossfit,4,GREG,exact,False,False,exact,,0.05,ATE,42,0.4100000000000001,500,-0.003915257007654295,-0.9549407335742179,0.09471839021358308,0.948,0.35846705899853243,0.994,0.994,1.1950712725909098,0.004236553455912342,0.002854008190914699,0.009929350431926557,0.0004871691073991653,0.0034536936748935927,0.0034536936748935927,greg
9,DGP9_piL0.05,0.05,10000,500,allunits_crossfit,0,Labeled-Only,,,,,,0.05,ATE,42,0.4100000000000001,500,-0.0032887416506807293,-0.8021321099221289,0.11319522713030912,0.938,0.4443229360802253,0.95,0.95,1.0,0.005065175144589319,0.0036196770424628644,0.010784804124322337,0.0006057181209262857,0.00974679434480897,0.00974679434480897,lo
9,DGP9_piL0.05,0.05,10000,500,allunits_crossfit,1,Naive Surrogate,,,,,,0.05,ATE,42,0.4100000000000001,500,-0.4503243129113496,-109.83519827106085,0.4504180011291128,0.0,0.02341031845466511,1.0,0.0,0.2513115080803833,0.0004112372993362078,0.0004135317104505376,0.0,0.00018110033124962355,0.0,0.0,ns
9,DGP9_piL0.05,0.05,10000,500,allunits_crossfit,3,PPI++,exact,False,False,exact,,0.05,ATE,42,0.4100000000000001,500,-0.003915257007654295,-0.9549407335742179,0.09471839021358308,0.948,0.35846705899853243,0.994,0.994,1.1950712725909098,0.004236553455912342,0.002854008190914699,0.009929350431926557,0.0004871691073991653,0.0034536936748935927,0.0034536936748935927,ppi
9,DGP9_piL0.05,0.05,10000,500,allunits_crossfit,3,PPI++ (clipped),exact,True,False,exact,,0.05,ATE,42,0.4100000000000001,500,-0.0043705719762403995,-1.0659931649366825,0.0946926179167504,0.948,0.3582424817292545,0.994,0.994,1.1953965327035883,0.004234506117740146,0.0028568574627554073,0.009929350431926557,0.0004869716501528178,0.0034536936748935927,0.0034536936748935927,ppi_clipped
9,DGP9_piL0.05,0.05,10000,500,allunits_crossfit,2,SI,,,,,sandwich,0.05,ATE,42,0.4100000000000001,500,-0.4968079024020647,-121.17265912245479,0.49710528239214646,0.0,0.06534420837557584,0.998,0.0,0.22770875937104595,0.0007696261657082166,0.0007682715810923296,0.0,0.00016117028899998538,0.001997998998998749,0.0,si
9,DGP9_piL0.20,0.2,10000,500,allunits_crossfit,6,AIPW,,,,,,0.05,ATE,42,0.4100000000000001,500,-0.0008615594386042416,-0.21013644844005888,0.04539980239308262,0.964,0.1899600803519374,1.0,1.0,1.1780180066117716,0.002032008282623549,0.0015501052840555195,0.008331146379700699,0.00011575206759007869,0.0,0.0,aipw
9,DGP9_piL0.20,0.2,10000,500,allunits_crossfit,5,Composite Proxy,,,,,,0.05,ATE,42,0.4100000000000001,500,-0.2602913493359731,-63.485694959993424,0.261189606093484,0.0,0.08635879210037846,1.0,1.0,0.20476230090306702,0.0009688782350348195,0.0009648072893345653,0.0,2.6843200194927066e-05,0.0,0.0,cp
9,DGP9_piL0.20,0.2,10000,500,allunits_crossfit,4,GREG,exact,False,False,exact,,0.05,ATE,42,0.4100000000000001,500,-0.0004489319428025247,-0.1094955958054938,0.045381755302280065,0.96,0.1860597681966297,1.0,1.0,1.178486472359532,0.00203146697363838,0.001545470203081613,0.008763560920082661,0.00011770556280423235,0.0,0.0,greg
9,DGP9_piL0.20,0.2,10000,500,allunits_crossfit,0,Labeled-Only,,,,,,0.05,ATE,42,0.4100000000000001,500,-0.0006964338960898066,-0.16986192587556256,0.05348178471566752,0.956,0.2224073587832675,1.0,1.0,1.0,0.0023939704972882484,0.0018101014938149325,0.009172131704244116,0.00015572134170693642,0.0,0.0,lo
9,DGP9_piL0.20,0.2,10000,500,allunits_crossfit,1,Naive Surrogate,,,,,,0.05,ATE,42,0.4100000000000001,500,-0.45050528012469904,-109.87933661578022,0.45055338610823065,0.0,0.023400429784600447,1.0,0.0,0.11870243652506982,0.0002947309950387406,0.0002953005060713549,0.0,9.481565743546298e-05,0.0,0.0,ns
9,DGP9_piL0.20,0.2,10000,500,allunits_crossfit,3,PPI++,exact,False,False,exact,,0.05,ATE,42,0.4100000000000001,500,-0.0004489319428025247,-0.1094955958054938,0.045381755302280065,0.96,0.1860597681966297,1.0,1.0,1.178486472359532,0.00203146697363838,0.001545470203081613,0.008763560920082661,0.00011770556280423235,0.0,0.0,ppi
9,DGP9_piL0.20,0.2,10000,500,allunits_crossfit,3,PPI++ (clipped),exact,True,False,exact,,0.05,ATE,42,0.4100000000000001,500,-0.0006255617028498599,-0.15257602508533163,0.04538360293051157,0.96,0.18603722218827068,1.0,1.0,1.1784384945716047,0.002031456079423275,0.001548973270542359,0.008763560920082661,0.00011716828359226714,0.0,0.0,ppi_clipped
9,DGP9_piL0.20,0.2,10000,500,allunits_crossfit,2,SI,,,,,sandwich,0.05,ATE,42,0.4100000000000001,500,-0.4980170926301709,-121.46758356833433,0.4982536549963953,0.0,0.060517042971290395,1.0,0.0,0.10733846943090553,0.0006872444549059412,0.0006886483525230185,0.0,8.712904584482999e-05,0.0,0.0,si
9,DGP9_piL0.50,0.5,10000,500,allunits_crossfit,6,AIPW,,,,,,0.05,ATE,42,0.4100000000000001,500,0.00021495999697646528,0.05242926755523543,0.0317599636218977,0.958,0.12826831993338977,1.0,1.0,1.099825802463828,0.0014217386695933836,0.0011079469671672235,0.00897061870775924,5.239101190431884e-05,0.0,0.0,aipw
9,DGP9_piL0.50,0.5,10000,500,allunits_crossfit,5,Composite Proxy,,,,,,0.05,ATE,42,0.4100000000000001,500,-0.26076143486743425,-63.60034996766688,0.2616435001766332,0.0,0.08633163254512342,1.0,1.0,0.1335038992105457,0.0009609565109541845,0.0009564611825809243,0.0,2.702420238090484e-05,0.0,0.0,cp
9,DGP9_piL0.50,0.5,10000,500,allunits_crossfit,4,GREG,exact,False,False,exact,,0.05,ATE,42,0.4100000000000001,500,0.0003192789593091895,0.07787291690468034,0.03177490270688254,0.958,0.12678641175262192,1.0,1.0,1.0993087154003967,0.0014223681902000526,0.0011083756024382395,0.00897061870775924,5.497724458145005e-05,0.0,0.0,greg
9,DGP9_piL0.50,0.5,10000,500,allunits_crossfit,0,Labeled-Only,,,,,,0.05,ATE,42,0.4100000000000001,500,-8.971390539704327e-05,-0.021881440340742256,0.03493042747667563,0.962,0.14076169553542053,1.0,1.0,1.0,0.0015636955322799555,0.0011247377882469608,0.008550555537507495,6.612793058278523e-05,0.0,0.0,lo
9,DGP9_piL0.50,0.5,10000,500,allunits_crossfit,1,Naive Surrogate,,,,,,0.05,ATE,42,0.4100000000000001,500,-0.45026797945959496,-109.82145840477924,0.45030774214738234,0.0,0.023317315075632793,1.0,0.0,0.0775701241779742,0.0002678845773610008,0.0002679948262692071,0.0,6.161830647197897e-05,0.0,0.0,ns
9,DGP9_piL0.50,0.5,10000,500,allunits_crossfit,3,PPI++,exact,False,False,exact,,0.05,ATE,42,0.4100000000000001,500,0.0003192789593091895,0.07787291690468034,0.03177490270688254,0.958,0.12678641175262192,1.0,1.0,1.0993087154003967,0.0014223681902000526,0.0011083756024382395,0.00897061870775924,5.497724458145005e-05,0.0,0.0,ppi
9,DGP9_piL0.50,0.5,10000,500,allunits_crossfit,3,PPI++ (clipped),exact,True,False,exact,,0.05,ATE,42,0.4100000000000001,500,0.0002639876316676146,0.06438722723600356,0.03175570068793127,0.958,0.1267834888458641,1.0,1.0,1.0999734447664355,0.0014215312785074978,0.0011077977575645267,0.00897061870775924,5.482808743851998e-05,0.0,0.0,ppi_clipped
9,DGP9_piL0.50,0.5,10000,500,allunits_crossfit,2,SI,,,,,sandwich,0.05,ATE,42,0.4100000000000001,500,-0.49721648817930075,-121.27231419007333,0.49743357260738186,0.0,0.05968987340320686,1.0,0.0,0.07022129064104361,0.0006578081043722109,0.0006579111225773046,0.0,5.815178890937488e-05,0.0,0.0,si
