dgp,config_name,pi_L,n,R,protocol,method_id,method_label,lambda_rule,clip,per_arm,variance,si_variance,alpha,target,seed,true_tau,n_valid,bias,rel_bias,rmse,coverage,ci_width,rejection,cdr,relative_efficiency,mc_se_bias,mc_se_rmse,mc_se_coverage,mc_se_ci_width,mc_se_rejection,mc_se_cdr,analysis,param_config
11,MCAR baseline,0.2,10000,1000,allunits_crossfit,0,Labeled-Only,,,,,,0.05,ATE,42,0.15002287731449046,1000,0.00026938312257433365,0.17956136250448676,0.0563120167003727,0.953,,,,1.0,0.0017816129777251627,,0.00669260786241059,,,,enrollment_drift,MCAR baseline
11,MCAR baseline,0.2,10000,1000,allunits_crossfit,2,SI,,,,,sandwich,0.05,ATE,42,0.15002287731449046,1000,-0.00037072194337861277,-0.24711027412270897,0.017101723350313534,0.956,,,,3.2927685442496823,0.0005409474382250819,,0.006485676526007139,,,,enrollment_drift,MCAR baseline
11,MCAR baseline,0.2,10000,1000,allunits_crossfit,3,PPI++,exact,False,False,exact,,0.05,ATE,42,0.15002287731449046,1000,0.0007788072660152319,0.5191256693355049,0.047455721367560384,0.946,,,,1.1866222886850113,0.0015012303761915862,,0.0071473071852271785,,,,enrollment_drift,MCAR baseline
11,MCAR baseline,0.2,10000,1000,allunits_crossfit,6,AIPW,,,,,,0.05,ATE,42,0.15002287731449046,1000,0.0007949517781399527,0.5298870361441664,0.04745960374772307,0.948,,,,1.1865252183668797,0.0015013447557563054,,0.007021111023192843,,,,enrollment_drift,MCAR baseline
11,MCAR baseline,0.2,10000,1000,allunits_crossfit,3,PPI++ (plug-in lambda),plugin,False,False,exact,,0.05,ATE,42,0.15002287731449046,1000,0.0006938169305911493,0.4624740859600449,0.04755967042978666,0.949,,,,1.184028740979341,0.0015045612563238423,,0.006956938982052382,,,,enrollment_drift,MCAR baseline
11,MCAR baseline,0.2,10000,1000,allunits_crossfit,3,"PPI++ (plug-in lambda, plug-in variance)",plugin,True,False,plugin,,0.05,ATE,42,0.15002287731449046,1000,0.0006938169305911493,0.4624740859600449,0.04755967042978666,0.945,,,,1.184028740979341,0.0015045612563238423,,0.007209368904418752,,,,enrollment_drift,MCAR baseline
11,"Enrollment, no drift",0.2,10000,1000,allunits_crossfit,0,Labeled-Only,,,,,,0.05,ATE,42,0.15001185270209882,1000,0.004128790001243421,2.7523091854898847,0.057639615630010216,0.953,,,,1.0,0.0018189521626670176,,0.00669260786241059,,,,enrollment_drift,"Enrollment, no drift"
11,"Enrollment, no drift",0.2,10000,1000,allunits_crossfit,2,SI,,,,,sandwich,0.05,ATE,42,0.15001185270209882,1000,0.0002956742137584823,0.19710056801021397,0.0174973485070873,0.944,,,,3.29419143744341,0.0005535125632679744,,0.007270763371201131,,,,enrollment_drift,"Enrollment, no drift"
11,"Enrollment, no drift",0.2,10000,1000,allunits_crossfit,3,PPI++,exact,False,False,exact,,0.05,ATE,42,0.15001185270209882,1000,0.003899662910702581,2.599569860954074,0.045739705683787615,0.963,,,,1.2601658617676788,0.0014418711098846259,,0.005969170796685251,,,,enrollment_drift,"Enrollment, no drift"
11,"Enrollment, no drift",0.2,10000,1000,allunits_crossfit,6,AIPW,,,,,,0.05,ATE,42,0.15001185270209882,1000,0.003911690596126215,2.607587684350682,0.045714053166843856,0.963,,,,1.2608730059362994,0.0014410239010872476,,0.005969170796685251,,,,enrollment_drift,"Enrollment, no drift"
11,"Enrollment, no drift",0.2,10000,1000,allunits_crossfit,3,PPI++ (plug-in lambda),plugin,False,False,exact,,0.05,ATE,42,0.15001185270209882,1000,0.003937708265363658,2.624931426707568,0.04640122572002012,0.96,,,,1.2422002810400161,0.0014627740460669207,,0.00619677335393187,,,,enrollment_drift,"Enrollment, no drift"
11,"Enrollment, no drift",0.2,10000,1000,allunits_crossfit,3,"PPI++ (plug-in lambda, plug-in variance)",plugin,True,False,plugin,,0.05,ATE,42,0.15001185270209882,1000,0.003937708265363658,2.624931426707568,0.04640122572002012,0.959,,,,1.2422002810400161,0.0014627740460669207,,0.006270486424512857,,,,enrollment_drift,"Enrollment, no drift"
11,Mix drift d=1,0.2,10000,1000,allunits_crossfit,0,Labeled-Only,,,,,,0.05,ATE,42,0.14996156372422803,1000,-0.03459952128207854,-23.072259599603377,0.06883036756374872,0.89,,,,1.0,0.0018825611975907758,,0.009894442884771228,,,,enrollment_drift,Mix drift d=1
11,Mix drift d=1,0.2,10000,1000,allunits_crossfit,2,SI,,,,,sandwich,0.05,ATE,42,0.14996156372422803,1000,0.0002978480458743935,0.19861625771129024,0.017979217676737824,0.952,,,,3.8283293968237557,0.000568759212541601,,0.006759881655768837,,,,enrollment_drift,Mix drift d=1
11,Mix drift d=1,0.2,10000,1000,allunits_crossfit,3,PPI++,exact,False,False,exact,,0.05,ATE,42,0.14996156372422803,1000,-0.0005259456277034924,-0.3507202876803023,0.049712784207360534,0.937,,,,1.3845607052834834,0.0015727548609675293,,0.007683163410991592,,,,enrollment_drift,Mix drift d=1
11,Mix drift d=1,0.2,10000,1000,allunits_crossfit,6,AIPW,,,,,,0.05,ATE,42,0.14996156372422803,1000,0.0012364454892943887,0.824508266376944,0.05052076241155292,0.947,,,,1.3624174354900238,0.0015979274104932885,,0.007084560677981384,,,,enrollment_drift,Mix drift d=1
11,Mix drift d=1,0.2,10000,1000,allunits_crossfit,3,PPI++ (plug-in lambda),plugin,False,False,exact,,0.05,ATE,42,0.14996156372422803,1000,-0.006202309140618176,-4.13593255937496,0.05047852096324582,0.942,,,,1.3635575339829222,0.0015849683165683715,,0.007391616873188169,,,,enrollment_drift,Mix drift d=1
11,Mix drift d=1,0.2,10000,1000,allunits_crossfit,3,"PPI++ (plug-in lambda, plug-in variance)",plugin,True,False,plugin,,0.05,ATE,42,0.14996156372422803,1000,-0.006202309140618176,-4.13593255937496,0.05047852096324582,0.939,,,,1.3635575339829222,0.0015849683165683715,,0.007568289106528638,,,,enrollment_drift,Mix drift d=1
11,Mix drift d=2,0.2,10000,1000,allunits_crossfit,0,Labeled-Only,,,,,,0.05,ATE,42,0.15001033632012442,1000,-0.07005929322938328,-46.70297724009874,0.09004457484299865,0.785,,,,1.0,0.0017896714264552425,,0.012991343271578961,,,,enrollment_drift,Mix drift d=2
11,Mix drift d=2,0.2,10000,1000,allunits_crossfit,2,SI,,,,,sandwich,0.05,ATE,42,0.15001033632012442,1000,0.00048411326692481547,0.32271993970582813,0.01935097907359493,0.951,,,,4.653230955423209,0.0006120462613868118,,0.006826346021115546,,,,enrollment_drift,Mix drift d=2
11,Mix drift d=2,0.2,10000,1000,allunits_crossfit,3,PPI++,exact,False,False,exact,,0.05,ATE,42,0.15001033632012442,1000,-0.007467698712566163,-4.978122771906848,0.04988295333901327,0.939,,,,1.8051171555749712,0.0015604414398649384,,0.007568289106528638,,,,enrollment_drift,Mix drift d=2
11,Mix drift d=2,0.2,10000,1000,allunits_crossfit,6,AIPW,,,,,,0.05,ATE,42,0.15001033632012442,1000,0.001315101994598813,0.8766742524944179,0.05369445832779403,0.938,,,,1.6769807843724647,0.001698307867104925,,0.00762600813007697,,,,enrollment_drift,Mix drift d=2
11,Mix drift d=2,0.2,10000,1000,allunits_crossfit,3,PPI++ (plug-in lambda),plugin,False,False,exact,,0.05,ATE,42,0.15001033632012442,1000,-0.01789548155755385,-11.929498990899274,0.052508293545119836,0.923,,,,1.7148638579470168,0.0015618296779055351,,0.008430361795320529,,,,enrollment_drift,Mix drift d=2
11,Mix drift d=2,0.2,10000,1000,allunits_crossfit,3,"PPI++ (plug-in lambda, plug-in variance)",plugin,True,False,plugin,,0.05,ATE,42,0.15001033632012442,1000,-0.01789548155755385,-11.929498990899274,0.052508293545119836,0.918,,,,1.7148638579470168,0.0015618296779055351,,0.008676174272108645,,,,enrollment_drift,Mix drift d=2
11,"Effect drift g_e=0.2, MCAR",0.2,10000,1000,allunits_crossfit,0,Labeled-Only,,,,,,0.05,ATE,42,0.2500211507156639,1000,-0.005629440510071662,-2.2515857134317945,0.059085582078755264,0.952,,,,1.0,0.0018608810513883749,,0.006759881655768837,,,,enrollment_drift,"Effect drift g_e=0.2, MCAR"
11,"Effect drift g_e=0.2, MCAR",0.2,10000,1000,allunits_crossfit,2,SI,,,,,sandwich,0.05,ATE,42,0.2500211507156639,1000,-0.09874220878042582,-39.493542245439954,0.10023316158858993,0.0,,,,0.5894813766453246,0.0005449402233770513,,0.0,,,,enrollment_drift,"Effect drift g_e=0.2, MCAR"
11,"Effect drift g_e=0.2, MCAR",0.2,10000,1000,allunits_crossfit,3,PPI++,exact,False,False,exact,,0.05,ATE,42,0.2500211507156639,1000,-0.0048356183854137225,-1.9340837251457261,0.04777208603031689,0.952,,,,1.236822315886701,0.0015036788382388091,,0.006759881655768837,,,,enrollment_drift,"Effect drift g_e=0.2, MCAR"
11,"Effect drift g_e=0.2, MCAR",0.2,10000,1000,allunits_crossfit,6,AIPW,,,,,,0.05,ATE,42,0.2500211507156639,1000,-0.00483961346082814,-1.9356816201250038,0.0477132864170767,0.952,,,,1.2383465176192179,0.0015017960026252788,,0.006759881655768837,,,,enrollment_drift,"Effect drift g_e=0.2, MCAR"
11,"Effect drift g_e=0.2, MCAR",0.2,10000,1000,allunits_crossfit,3,PPI++ (plug-in lambda),plugin,False,False,exact,,0.05,ATE,42,0.2500211507156639,1000,-0.004967444082198582,-1.9868095431045347,0.048272888686460666,0.954,,,,1.223991016210457,0.001519178786585457,,0.006624499981130654,,,,enrollment_drift,"Effect drift g_e=0.2, MCAR"
11,"Effect drift g_e=0.2, MCAR",0.2,10000,1000,allunits_crossfit,3,"PPI++ (plug-in lambda, plug-in variance)",plugin,True,False,plugin,,0.05,ATE,42,0.2500211507156639,1000,-0.004967444082198582,-1.9868095431045347,0.048272888686460666,0.951,,,,1.223991016210457,0.001519178786585457,,0.006826346021115546,,,,enrollment_drift,"Effect drift g_e=0.2, MCAR"
11,Effect drift g_e=0.2,0.2,10000,1000,allunits_crossfit,0,Labeled-Only,,,,,,0.05,ATE,42,0.25000429334542174,1000,-0.08553735532302152,-34.214354553038696,0.10489021713272965,0.675,,,,1.0,0.001920678916944822,,0.014811313243598623,,,,enrollment_drift,Effect drift g_e=0.2
11,Effect drift g_e=0.2,0.2,10000,1000,allunits_crossfit,2,SI,,,,,sandwich,0.05,ATE,42,0.25000429334542174,1000,-0.1000047395809188,-40.00120887633955,0.10144453485816037,0.0,,,,1.0339661695860407,0.0005388284049594281,,0.0,,,,enrollment_drift,Effect drift g_e=0.2
11,Effect drift g_e=0.2,0.2,10000,1000,allunits_crossfit,3,PPI++,exact,False,False,exact,,0.05,ATE,42,0.25000429334542174,1000,-0.08411027113797627,-33.64353068199681,0.09726898071717603,0.568,,,,1.0783521772240372,0.0015456733176384125,,0.01566448211719749,,,,enrollment_drift,Effect drift g_e=0.2
11,Effect drift g_e=0.2,0.2,10000,1000,allunits_crossfit,6,AIPW,,,,,,0.05,ATE,42,0.25000429334542174,1000,-0.0841329017291983,-33.65258276303078,0.09723897094072562,0.573,,,,1.0786849770003022,0.0015425471688101933,,0.015641962792437528,,,,enrollment_drift,Effect drift g_e=0.2
11,Effect drift g_e=0.2,0.2,10000,1000,allunits_crossfit,3,PPI++ (plug-in lambda),plugin,False,False,exact,,0.05,ATE,42,0.25000429334542174,1000,-0.08434816680204761,-33.7386873134642,0.09776477748097437,0.587,,,,1.0728835050347447,0.0015639003348345702,,0.015570195888298902,,,,enrollment_drift,Effect drift g_e=0.2
11,Effect drift g_e=0.2,0.2,10000,1000,allunits_crossfit,3,"PPI++ (plug-in lambda, plug-in variance)",plugin,True,False,plugin,,0.05,ATE,42,0.25000429334542174,1000,-0.08434816680204761,-33.7386873134642,0.09776477748097437,0.571,,,,1.0728835050347447,0.0015639003348345702,,0.015651166090742248,,,,enrollment_drift,Effect drift g_e=0.2
11,Effect drift g_e=0.4,0.2,10000,1000,allunits_crossfit,0,Labeled-Only,,,,,,0.05,ATE,42,0.34992893631516364,1000,-0.15754349843919468,-45.02156926436717,0.16770605987595671,0.213,,,,1.0,0.0018189769915953858,,0.012947239087929134,,,,enrollment_drift,Effect drift g_e=0.4
11,Effect drift g_e=0.4,0.2,10000,1000,allunits_crossfit,2,SI,,,,,sandwich,0.05,ATE,42,0.34992893631516364,1000,-0.19823483429226055,-56.650026253822084,0.19898567453149277,0.0,,,,0.8428046906935226,0.0005463951771042067,,0.0,,,,enrollment_drift,Effect drift g_e=0.4
11,Effect drift g_e=0.4,0.2,10000,1000,allunits_crossfit,3,PPI++,exact,False,False,exact,,0.05,ATE,42,0.34992893631516364,1000,-0.15788876826463594,-45.120237819496396,0.16507126060203745,0.092,,,,1.0159615869189451,0.001523804420696562,,0.00913980306133562,,,,enrollment_drift,Effect drift g_e=0.4
11,Effect drift g_e=0.4,0.2,10000,1000,allunits_crossfit,6,AIPW,,,,,,0.05,ATE,42,0.34992893631516364,1000,-0.15793309484331605,-45.132905128221104,0.1651160074677693,0.093,,,,1.015686258697195,0.0015240591299356223,,0.009184280047995052,,,,enrollment_drift,Effect drift g_e=0.4
11,Effect drift g_e=0.4,0.2,10000,1000,allunits_crossfit,3,PPI++ (plug-in lambda),plugin,False,False,exact,,0.05,ATE,42,0.34992893631516364,1000,-0.1578306281249059,-45.10362297753955,0.16507241632719544,0.096,,,,1.015954473844625,0.0015299464676878705,,0.009315793041926168,,,,enrollment_drift,Effect drift g_e=0.4
11,Effect drift g_e=0.4,0.2,10000,1000,allunits_crossfit,3,"PPI++ (plug-in lambda, plug-in variance)",plugin,True,False,plugin,,0.05,ATE,42,0.34992893631516364,1000,-0.1578306281249059,-45.10362297753955,0.16507241632719544,0.091,,,,1.015954473844625,0.0015299464676878705,,0.009094998625618368,,,,enrollment_drift,Effect drift g_e=0.4
11,Mix + effect drift,0.2,10000,1000,allunits_crossfit,0,Labeled-Only,,,,,,0.05,ATE,42,0.25005496587994586,1000,-0.12215482875907116,-48.85119090884963,0.13388138087570367,0.45,,,,1.0,0.001733616850232668,,0.015732132722552274,,,,enrollment_drift,Mix + effect drift
11,Mix + effect drift,0.2,10000,1000,allunits_crossfit,2,SI,,,,,sandwich,0.05,ATE,42,0.25005496587994586,1000,-0.09979240908610837,-39.908189279480176,0.10131250481587097,0.0,,,,1.3214694584742976,0.0005531769387657602,,0.0,,,,enrollment_drift,Mix + effect drift
11,Mix + effect drift,0.2,10000,1000,allunits_crossfit,3,PPI++,exact,False,False,exact,,0.05,ATE,42,0.25005496587994586,1000,-0.08591290045068274,-34.3576061960435,0.09734205374618247,0.569,,,,1.3753704151835218,0.0014479452714743534,,0.015660108556456435,,,,enrollment_drift,Mix + effect drift
11,Mix + effect drift,0.2,10000,1000,allunits_crossfit,6,AIPW,,,,,,0.05,ATE,42,0.25005496587994586,1000,-0.08455004817114653,-33.81258511448236,0.09647665293549389,0.587,,,,1.3877075624215456,0.0014701003744654819,,0.015570195888298902,,,,enrollment_drift,Mix + effect drift
11,Mix + effect drift,0.2,10000,1000,allunits_crossfit,3,PPI++ (plug-in lambda),plugin,False,False,exact,,0.05,ATE,42,0.25005496587994586,1000,-0.09194965998316777,-36.771779220458995,0.10280877788670761,0.519,,,,1.30223686758768,0.0014549989214427666,,0.01579996835439869,,,,enrollment_drift,Mix + effect drift
11,Mix + effect drift,0.2,10000,1000,allunits_crossfit,3,"PPI++ (plug-in lambda, plug-in variance)",plugin,True,False,plugin,,0.05,ATE,42,0.25005496587994586,1000,-0.09194965998316777,-36.771779220458995,0.10280877788670761,0.505,,,,1.30223686758768,0.0014549989214427666,,0.01581059771166163,,,,enrollment_drift,Mix + effect drift
