n,pi_L,rho,si_coverage,ppi_coverage,si_bias,R
10000,0.2,0.0,0.95,0.946,-0.0005752697372420295,500
10000,0.2,0.05,0.924,0.954,-0.007892226127072282,500
10000,0.2,0.1,0.884,0.942,-0.01768822979433381,500
10000,0.2,0.15,0.806,0.928,-0.027191939991350524,500
10000,0.2,0.2,0.662,0.956,-0.03823612759603731,500
10000,0.2,0.25,0.514,0.95,-0.04808632675109924,500
10000,0.2,0.3,0.308,0.944,-0.0613321597017595,500
10000,0.2,0.4,0.036,0.952,-0.10049805907971139,500
10000,0.2,0.5,0.0,0.936,-0.14860301970617437,500
10000,0.2,0.6,0.0,0.97,-0.2233689472693576,500
100000,0.2,0.0,0.952,0.96,-0.0001742778281191384,500
100000,0.2,0.05,0.804,0.952,-0.007967254627102021,500
100000,0.2,0.1,0.454,0.958,-0.0162420769529795,500
100000,0.2,0.15,0.088,0.952,-0.026442641748919096,500
100000,0.2,0.2,0.008,0.932,-0.03707306906051464,500
100000,0.2,0.25,0.0,0.96,-0.04984149540751826,500
100000,0.2,0.3,0.0,0.946,-0.06394137278474828,500
100000,0.2,0.4,0.0,0.946,-0.09872514090176847,500
100000,0.2,0.5,0.0,0.944,-0.1493294921110361,500
100000,0.2,0.6,0.0,0.97,-0.22391241985666221,500
