cell,dgp,rho,n,pi_L,R,B,learner,diagnostic_null,quantity,estimator,value,mc_se,ratio_to_mc,ratio_mc_se
"DGP 1, pi_L = 0.20",1,,10000,0.2,200,100,gbt,True,Var(SI),Monte Carlo,0.0006490879604436762,7.145433702324384e-05,1.0,0.0
"DGP 1, pi_L = 0.20",1,,10000,0.2,200,100,gbt,True,Var(SI),plug-in,0.0006184757936537698,1.7503429690997535e-06,0.9528381842593694,0.10537600669093984
"DGP 1, pi_L = 0.20",1,,10000,0.2,200,100,gbt,True,Var(SI),paired bootstrap,0.0006611127501456787,6.667368599622294e-06,1.0185256705328243,0.11545822078876994
"DGP 1, pi_L = 0.20",1,,10000,0.2,200,100,gbt,True,Var(PPI++),Monte Carlo,0.0027965762595834696,0.00028597625570427965,1.0,0.0
"DGP 1, pi_L = 0.20",1,,10000,0.2,200,100,gbt,True,Var(PPI++),exact,0.002719886198198313,5.3992344923951435e-06,0.9725771606898433,0.10004672023161146
"DGP 1, pi_L = 0.20",1,,10000,0.2,200,100,gbt,True,Var(PPI++),paired bootstrap,0.00205979968492193,1.9012060057610127e-05,0.7365433636444882,0.07677312272220999
"DGP 1, pi_L = 0.20",1,,10000,0.2,200,100,gbt,True,Var(D),Monte Carlo,0.0020085428893999845,0.00020544158180331353,1.0,0.0
"DGP 1, pi_L = 0.20",1,,10000,0.2,200,100,gbt,True,Var(D),fixed-predictor,0.0021548587224742596,5.617099199783872e-06,1.0728467556488097,0.11010495648863684
"DGP 1, pi_L = 0.20",1,,10000,0.2,200,100,gbt,True,Var(D),paired bootstrap,0.0013552397784426917,1.3312599324732475e-05,0.6747377840896117,0.07101474187411011
"DGP 1, pi_L = 0.20",1,,10000,0.2,200,100,gbt,True,SI coverage,plug-in,0.94,0.01679285562374667,,
"DGP 1, pi_L = 0.20",1,,10000,0.2,200,100,gbt,True,SI coverage,paired bootstrap,0.945,0.016120638945153514,,
"DGP 1, pi_L = 0.20",1,,10000,0.2,200,100,gbt,True,PPI++ coverage,exact,0.94,0.01679285562374667,,
"DGP 1, pi_L = 0.20",1,,10000,0.2,200,100,gbt,True,PPI++ coverage,paired bootstrap,0.925,0.01862458053218917,,
"DGP 1, pi_L = 0.20",1,,10000,0.2,200,100,gbt,True,diagnostic size (alpha = 0.05),fixed-predictor,0.065,0.017432010784760317,,
"DGP 1, pi_L = 0.20",1,,10000,0.2,200,100,gbt,True,diagnostic size (alpha = 0.05),paired bootstrap,0.12,0.022978250586152115,,
"DGP 1, pi_L = 0.20",1,,10000,0.2,200,100,gbt,True,diagnostic size (alpha = 0.10),fixed-predictor,0.105,0.021676600286945368,,
"DGP 1, pi_L = 0.20",1,,10000,0.2,200,100,gbt,True,diagnostic size (alpha = 0.10),paired bootstrap,0.14,0.024535688292770596,,
"DGP 1, pi_L = 0.20",1,,10000,0.2,200,100,gbt,True,SI bias,,-0.0021924084588347127,0.0018015104224562185,,
"DGP 1, pi_L = 0.20",1,,10000,0.2,200,100,gbt,True,true tau,,0.15,0.0,,
"DGP 2 rho = 0.2, pi_L = 0.20",2,0.2,10000,0.2,200,100,gbt,False,Var(SI),Monte Carlo,0.0005461879574087632,5.031650238614527e-05,1.0,0.0
"DGP 2 rho = 0.2, pi_L = 0.20",2,0.2,10000,0.2,200,100,gbt,False,Var(SI),plug-in,0.0006176749295068002,1.6801865573474377e-06,1.130883464434454,0.11018185743424523
"DGP 2 rho = 0.2, pi_L = 0.20",2,0.2,10000,0.2,200,100,gbt,False,Var(SI),paired bootstrap,0.0006730537378127018,7.032684649205892e-06,1.2322749498282937,0.12057779424038328
"DGP 2 rho = 0.2, pi_L = 0.20",2,0.2,10000,0.2,200,100,gbt,False,Var(PPI++),Monte Carlo,0.00259886115455948,0.0002458137400397735,1.0,0.0
"DGP 2 rho = 0.2, pi_L = 0.20",2,0.2,10000,0.2,200,100,gbt,False,Var(PPI++),exact,0.0027193749432993077,5.802794317329507e-06,1.0463717688528287,0.1030834910126382
"DGP 2 rho = 0.2, pi_L = 0.20",2,0.2,10000,0.2,200,100,gbt,False,Var(PPI++),paired bootstrap,0.002061175155517185,1.801649604727664e-05,0.7931070699567883,0.07813664923442833
"DGP 2 rho = 0.2, pi_L = 0.20",2,0.2,10000,0.2,200,100,gbt,False,Var(D),Monte Carlo,0.0022806909203128113,0.0002451241215152067,1.0,0.0
"DGP 2 rho = 0.2, pi_L = 0.20",2,0.2,10000,0.2,200,100,gbt,False,Var(D),fixed-predictor,0.0021544994418949727,5.751333325837626e-06,0.9446696273949603,0.1043080272581371
"DGP 2 rho = 0.2, pi_L = 0.20",2,0.2,10000,0.2,200,100,gbt,False,Var(D),paired bootstrap,0.0013587624264872933,1.3515605129766408e-05,0.5957678940121051,0.06776643949751034
"DGP 2 rho = 0.2, pi_L = 0.20",2,0.2,10000,0.2,200,100,gbt,False,SI coverage,plug-in,0.665,0.0333747659167821,,
"DGP 2 rho = 0.2, pi_L = 0.20",2,0.2,10000,0.2,200,100,gbt,False,SI coverage,paired bootstrap,0.69,0.032703210851535665,,
"DGP 2 rho = 0.2, pi_L = 0.20",2,0.2,10000,0.2,200,100,gbt,False,PPI++ coverage,exact,0.94,0.01679285562374667,,
"DGP 2 rho = 0.2, pi_L = 0.20",2,0.2,10000,0.2,200,100,gbt,False,PPI++ coverage,paired bootstrap,0.905,0.02073342711661533,,
"DGP 2 rho = 0.2, pi_L = 0.20",2,0.2,10000,0.2,200,100,gbt,False,diagnostic power (alpha = 0.05),fixed-predictor,0.12,0.022978250586152115,,
"DGP 2 rho = 0.2, pi_L = 0.20",2,0.2,10000,0.2,200,100,gbt,False,diagnostic power (alpha = 0.05),paired bootstrap,0.235,0.029981244136960027,,
"DGP 2 rho = 0.2, pi_L = 0.20",2,0.2,10000,0.2,200,100,gbt,False,diagnostic power (alpha = 0.10),fixed-predictor,0.2,0.028284271247461905,,
"DGP 2 rho = 0.2, pi_L = 0.20",2,0.2,10000,0.2,200,100,gbt,False,diagnostic power (alpha = 0.10),paired bootstrap,0.375,0.03423265984407288,,
"DGP 2 rho = 0.2, pi_L = 0.20",2,0.2,10000,0.2,200,100,gbt,False,SI bias,,-0.038978498042784054,0.0016525555322117972,,
"DGP 2 rho = 0.2, pi_L = 0.20",2,0.2,10000,0.2,200,100,gbt,False,true tau,,0.1875,0.0,,
