dgp,config_name,pi_L,n,R,protocol,method_id,method_label,lambda_rule,clip,per_arm,variance,si_variance,alpha,target,seed,true_tau,n_valid,bias,rel_bias,rmse,coverage,ci_width,rejection,cdr,relative_efficiency,mc_se_bias,mc_se_rmse,mc_se_coverage,mc_se_ci_width,mc_se_rejection,mc_se_cdr,method_key,param_delta_beta,param_prediction_model,param_rho
1,DGP1_piL0.05_gbt,0.05,,200,allunits_crossfit,6,AIPW,,,,,,0.05,ATE,42,0.14999999999999997,200,0.005603095327062665,3.735396884708444,0.09795684099937005,0.95,0.3980094969797014,0.315,0.315,1.514322482330068,0.006932607397893321,0.005393687132604557,0.015411035007422448,0.001041042469792091,0.032846232660687286,0.032846232660687286,aipw,,gbt,
1,DGP1_piL0.05_gbt,0.05,,200,allunits_crossfit,5,Composite Proxy,,,,,,0.05,ATE,42,0.14999999999999997,200,-0.002254165361577588,-1.5027769077183923,0.02192426210694098,0.94,0.08639581003618002,1.0,1.0,6.76594021271145,0.0015459332408641073,0.0009649653438687879,0.01679285562374667,4.4090467704327286e-05,0.0,0.0,cp,,gbt,
1,DGP1_piL0.05_gbt,0.05,,200,allunits_crossfit,0,Labeled-Only,,,,,,0.05,ATE,42,0.14999999999999997,200,5.0336239569268585e-05,0.03355749304617906,0.14833824662337783,0.935,0.5540927441698552,0.19,0.185,1.0,0.010515418896107196,0.008096868970241276,0.01743201078476031,0.001255388423242057,0.027739863013360393,0.027456784225396828,lo,,gbt,
1,DGP1_piL0.05_gbt,0.05,,200,allunits_crossfit,3,PPI++,exact,False,False,exact,,0.05,ATE,42,0.14999999999999997,200,0.004268295043354897,2.8455300289032652,0.09834824147152901,0.95,0.3958925319374695,0.305,0.305,1.5082958719330075,0.00696515312683263,0.005394514713227869,0.015411035007422448,0.0010000459897624848,0.03255572146336186,0.03255572146336186,ppi,,gbt,
1,DGP1_piL0.05_gbt,0.05,,200,allunits_crossfit,2,SI,,,,,plugin,0.05,ATE,42,0.14999999999999997,200,-0.0026936887968047325,-1.7957925312031553,0.026559092100185002,0.95,0.10124402604922306,1.0,1.0,5.585215265033271,0.0018730157525517306,0.0011145180155254326,0.015411035007422448,0.000281815143462663,0.0,0.0,si,,gbt,
1,DGP1_piL0.05_ols,0.05,,200,allunits_crossfit,6,AIPW,,,,,,0.05,ATE,42,0.14999999999999997,200,0.006921971853534558,4.614647902356373,0.09261827583348188,0.955,0.3642638106227328,0.37,0.37,1.601608810879558,0.006547173744474077,0.00576012606951008,0.014658615214269054,0.000752959303202971,0.034139420030223126,0.034139420030223126,aipw,,ols,
1,DGP1_piL0.05_ols,0.05,,200,allunits_crossfit,5,Composite Proxy,,,,,,0.05,ATE,42,0.14999999999999997,200,-0.002254165361577588,-1.5027769077183923,0.02192426210694098,0.94,0.08639581003618002,1.0,1.0,6.76594021271145,0.0015459332408641073,0.0009649653438687879,0.01679285562374667,4.4090467704327286e-05,0.0,0.0,cp,,ols,
1,DGP1_piL0.05_ols,0.05,,200,allunits_crossfit,0,Labeled-Only,,,,,,0.05,ATE,42,0.14999999999999997,200,5.0336239569268585e-05,0.03355749304617906,0.14833824662337783,0.935,0.5540927441698552,0.19,0.185,1.0,0.010515418896107196,0.008096868970241276,0.01743201078476031,0.001255388423242057,0.027739863013360393,0.027456784225396828,lo,,ols,
1,DGP1_piL0.05_ols,0.05,,200,allunits_crossfit,3,PPI++,exact,False,False,exact,,0.05,ATE,42,0.14999999999999997,200,0.0066555088556708684,4.437005903780579,0.09248149726104385,0.955,0.36613936451107393,0.375,0.375,1.603977563259701,0.006538840867234638,0.005795350822455705,0.014658615214269054,0.0007918648017338782,0.03423265984407288,0.03423265984407288,ppi,,ols,
1,DGP1_piL0.05_ols,0.05,,200,allunits_crossfit,2,SI,,,,,sandwich,0.05,ATE,42,0.14999999999999997,200,-0.0008155847405413059,-0.5437231603608708,0.02652432753457023,0.95,0.09940766124619543,1.0,1.0,5.592535623383575,0.001879370648283336,0.001164234643084785,0.015411035007422448,0.0002740306129043186,0.0,0.0,si,,ols,
1,DGP1_piL0.20_gbt,0.2,,200,allunits_crossfit,6,AIPW,,,,,,0.05,ATE,42,0.14999999999999997,200,-0.0044633292142016705,-2.9755528094677812,0.053026800248343844,0.94,0.20447438826417927,0.81,0.81,1.2942597451252396,0.003745630779213029,0.002737957368016065,0.01679285562374667,0.00018228610127131242,0.02773986301336039,0.02773986301336039,aipw,,gbt,
1,DGP1_piL0.20_gbt,0.2,,200,allunits_crossfit,5,Composite Proxy,,,,,,0.05,ATE,42,0.14999999999999997,200,-0.0027226252701503407,-1.815083513433561,0.022760213290763297,0.95,0.08638492677974158,1.0,1.0,3.015369500165474,0.0016018435056144786,0.0011980252935553013,0.015411035007422448,4.3421206754152634e-05,0.0,0.0,cp,,gbt,
1,DGP1_piL0.20_gbt,0.2,,200,allunits_crossfit,0,Labeled-Only,,,,,,0.05,ATE,42,0.14999999999999997,200,-0.0039287044139376046,-2.619136275958404,0.0686304529742285,0.96,0.2767346618420645,0.53,0.53,1.0,0.004857106050034826,0.0035059065597173177,0.013856406460551024,0.00028687182924805543,0.03529164207004259,0.03529164207004259,lo,,gbt,
1,DGP1_piL0.20_gbt,0.2,,200,allunits_crossfit,3,PPI++,exact,False,False,exact,,0.05,ATE,42,0.14999999999999997,200,-0.00426790146590142,-2.8452676439342803,0.052922663965528,0.94,0.2044141497938705,0.81,0.81,1.2968064687547098,0.0037393691042630905,0.002734233531142297,0.01679285562374667,0.00020272854169023369,0.02773986301336039,0.02773986301336039,ppi,,gbt,
1,DGP1_piL0.20_gbt,0.2,,200,allunits_crossfit,2,SI,,,,,plugin,0.05,ATE,42,0.14999999999999997,200,-0.002192408458834749,-1.4616056392231664,0.025507825769591343,0.94,0.09746595651966183,1.0,1.0,2.690564597475217,0.001801510422456218,0.001403092295033776,0.01679285562374667,0.0001379041137944257,0.0,0.0,si,,gbt,
1,DGP1_piL0.20_ols,0.2,,200,allunits_crossfit,6,AIPW,,,,,,0.05,ATE,42,0.14999999999999997,200,-0.004237933250541891,-2.8252888336945947,0.05268021736585594,0.94,0.19990475895411536,0.81,0.81,1.3027746734148922,0.003722298165860271,0.0027402267969255877,0.01679285562374667,0.0001637922289793416,0.02773986301336039,0.02773986301336039,aipw,,ols,
1,DGP1_piL0.20_ols,0.2,,200,allunits_crossfit,5,Composite Proxy,,,,,,0.05,ATE,42,0.14999999999999997,200,-0.0027226252701503407,-1.815083513433561,0.022760213290763297,0.95,0.08638492677974158,1.0,1.0,3.015369500165474,0.0016018435056144786,0.0011980252935553013,0.015411035007422448,4.3421206754152634e-05,0.0,0.0,cp,,ols,
1,DGP1_piL0.20_ols,0.2,,200,allunits_crossfit,0,Labeled-Only,,,,,,0.05,ATE,42,0.14999999999999997,200,-0.0039287044139376046,-2.619136275958404,0.0686304529742285,0.96,0.2767346618420645,0.53,0.53,1.0,0.004857106050034826,0.0035059065597173177,0.013856406460551024,0.00028687182924805543,0.03529164207004259,0.03529164207004259,lo,,ols,
1,DGP1_piL0.20_ols,0.2,,200,allunits_crossfit,3,PPI++,exact,False,False,exact,,0.05,ATE,42,0.14999999999999997,200,-0.004035489960499444,-2.690326640332963,0.05250734888523624,0.935,0.2000167140780949,0.805,0.805,1.3070637621456007,0.0037111380013411153,0.002710350444924552,0.01743201078476031,0.00019218464914239755,0.028015620642777128,0.028015620642777128,ppi,,ols,
1,DGP1_piL0.20_ols,0.2,,200,allunits_crossfit,2,SI,,,,,sandwich,0.05,ATE,42,0.14999999999999997,200,-0.0007859523318943268,-0.5239682212628847,0.025458281608693765,0.94,0.09676882836882893,1.0,1.0,2.695800684001855,0.0018038295128851574,0.0013453293888946879,0.01679285562374667,0.00013366828139079216,0.0,0.0,si,,ols,
1,DGP1_piL0.50_gbt,0.5,,200,allunits_crossfit,6,AIPW,,,,,,0.05,ATE,42,0.14999999999999997,200,0.0036825752114466597,2.4550501409644405,0.03844605154539061,0.95,0.14723645029257376,0.98,0.98,1.1469023326969798,0.002712837079760035,0.0017966223223635596,0.015411035007422448,7.870542359986295e-05,0.009899494936611668,0.009899494936611668,aipw,,gbt,
1,DGP1_piL0.50_gbt,0.5,,200,allunits_crossfit,5,Composite Proxy,,,,,,0.05,ATE,42,0.14999999999999997,200,0.0015852977244195405,1.0568651496130272,0.02048404519983428,0.98,0.08638495636853699,1.0,1.0,2.152595630903682,0.0014477203339025792,0.0008870709104286728,0.009899494936611668,4.296698976207944e-05,0.0,0.0,cp,,gbt,
1,DGP1_piL0.50_gbt,0.5,,200,allunits_crossfit,0,Labeled-Only,,,,,,0.05,ATE,42,0.14999999999999997,200,0.0040308944658124955,2.6872629772083307,0.04409386620039681,0.95,0.17508441675577838,0.94,0.94,1.0,0.003112643148252254,0.0021547243754359534,0.015411035007422448,0.00011890872494802603,0.01679285562374667,0.01679285562374667,lo,,gbt,
1,DGP1_piL0.50_gbt,0.5,,200,allunits_crossfit,3,PPI++,exact,False,False,exact,,0.05,ATE,42,0.14999999999999997,200,0.003674344325379957,2.4495628835866383,0.038424397800247444,0.95,0.14725608511515223,0.985,0.985,1.1475486598286482,0.002711351106842106,0.0017939965453732673,0.015411035007422448,9.735214406463632e-05,0.008595056718835545,0.008595056718835545,ppi,,gbt,
1,DGP1_piL0.50_gbt,0.5,,200,allunits_crossfit,2,SI,,,,,plugin,0.05,ATE,42,0.14999999999999997,200,0.0038068888713386284,2.537925914225753,0.023804465325390125,0.965,0.09633630422591238,1.0,1.0,1.8523359209150467,0.0016657353342484254,0.0010386589420108066,0.012995191418367032,9.316487108632101e-05,0.0,0.0,si,,gbt,
1,DGP1_piL0.50_ols,0.5,,200,allunits_crossfit,6,AIPW,,,,,,0.05,ATE,42,0.14999999999999997,200,0.00343800615675449,2.2920041045029937,0.03862511662551022,0.935,0.14651379042761475,0.98,0.98,1.141585322004561,0.002727193919282009,0.001851585741300342,0.01743201078476031,7.785021838772695e-05,0.009899494936611668,0.009899494936611668,aipw,,ols,
1,DGP1_piL0.50_ols,0.5,,200,allunits_crossfit,5,Composite Proxy,,,,,,0.05,ATE,42,0.14999999999999997,200,0.0015852977244195405,1.0568651496130272,0.02048404519983428,0.98,0.08638495636853699,1.0,1.0,2.152595630903682,0.0014477203339025792,0.0008870709104286728,0.009899494936611668,4.296698976207944e-05,0.0,0.0,cp,,ols,
1,DGP1_piL0.50_ols,0.5,,200,allunits_crossfit,0,Labeled-Only,,,,,,0.05,ATE,42,0.14999999999999997,200,0.0040308944658124955,2.6872629772083307,0.04409386620039681,0.95,0.17508441675577838,0.94,0.94,1.0,0.003112643148252254,0.0021547243754359534,0.015411035007422448,0.00011890872494802603,0.01679285562374667,0.01679285562374667,lo,,ols,
1,DGP1_piL0.50_ols,0.5,,200,allunits_crossfit,3,PPI++,exact,False,False,exact,,0.05,ATE,42,0.14999999999999997,200,0.0034087432968653085,2.2724955312435395,0.038634214194167876,0.93,0.1465714142840298,0.98,0.98,1.1413165019686906,0.0027280259355824767,0.0018505830223401356,0.01804161855266871,9.742805812701743e-05,0.009899494936611668,0.009899494936611668,ppi,,ols,
1,DGP1_piL0.50_ols,0.5,,200,allunits_crossfit,2,SI,,,,,sandwich,0.05,ATE,42,0.14999999999999997,200,0.004774784044125052,3.183189362750036,0.024090987844793313,0.955,0.09619932113155237,1.0,1.0,1.8303054438644217,0.0016738862383820963,0.0010857563773972367,0.014658615214269054,9.173420231907028e-05,0.0,0.0,si,,ols,
2,DGP2_rho0.0_piL0.05_gbt,0.05,,200,allunits_crossfit,6,AIPW,,,,,,0.05,ATE,42,0.14999999999999997,200,0.005872104435260248,3.9147362901735,0.09635578834078029,0.95,0.3992102403539349,0.32,0.32,1.4305635437847517,0.006817785024815334,0.004948192615227091,0.015411035007422448,0.001002065491142925,0.03298484500494128,0.03298484500494128,aipw,,gbt,0.0
2,DGP2_rho0.0_piL0.05_gbt,0.05,,200,allunits_crossfit,5,Composite Proxy,,,,,,0.05,ATE,42,0.14999999999999997,200,0.0014914875996286305,0.9943250664190871,0.022833908849973012,0.93,0.08632844667304522,1.0,1.0,6.036770968065024,0.0016151961439597553,0.0011172392491856098,0.01804161855266871,3.7543941467611224e-05,0.0,0.0,cp,,gbt,0.0
2,DGP2_rho0.0_piL0.05_gbt,0.05,,200,allunits_crossfit,0,Labeled-Only,,,,,,0.05,ATE,42,0.14999999999999997,200,0.007689201588710072,5.126134392473382,0.13784307803296011,0.955,0.5550616290674262,0.21,0.21,1.0,0.009756222171411137,0.006505837936588803,0.014658615214269054,0.001252447136270304,0.028801041647829335,0.028801041647829335,lo,,gbt,0.0
2,DGP2_rho0.0_piL0.05_gbt,0.05,,200,allunits_crossfit,3,PPI++,exact,False,False,exact,,0.05,ATE,42,0.14999999999999997,200,0.006221266909644047,4.147511273096032,0.09638947785951592,0.965,0.3969147765030754,0.325,0.325,1.4300635411041573,0.0068186218858694355,0.004984594442919194,0.012995191418367032,0.0009419584940026915,0.03311910324872942,0.03311910324872942,ppi,,gbt,0.0
2,DGP2_rho0.0_piL0.05_gbt,0.05,,200,allunits_crossfit,2,SI,,,,,plugin,0.05,ATE,42,0.14999999999999997,200,0.002532216458974188,1.6881443059827923,0.028214843235351124,0.935,0.10137060162364114,1.0,1.0,4.885480910992724,0.001992025885535858,0.0013757987944027152,0.01743201078476031,0.0002560274092988394,0.0,0.0,si,,gbt,0.0
2,DGP2_rho0.0_piL0.05_ols,0.05,,200,allunits_crossfit,6,AIPW,,,,,,0.05,ATE,42,0.14999999999999997,200,0.008094762331684744,5.396508221123164,0.09057467634628404,0.945,0.3647560845228432,0.37,0.37,1.521872156693777,0.006394975578796625,0.005203960772708441,0.016120638945153514,0.0007167686594752895,0.034139420030223126,0.034139420030223126,aipw,,ols,0.0
2,DGP2_rho0.0_piL0.05_ols,0.05,,200,allunits_crossfit,5,Composite Proxy,,,,,,0.05,ATE,42,0.14999999999999997,200,0.0014914875996286305,0.9943250664190871,0.022833908849973012,0.93,0.08632844667304522,1.0,1.0,6.036770968065024,0.0016151961439597553,0.0011172392491856098,0.01804161855266871,3.7543941467611224e-05,0.0,0.0,cp,,ols,0.0
2,DGP2_rho0.0_piL0.05_ols,0.05,,200,allunits_crossfit,0,Labeled-Only,,,,,,0.05,ATE,42,0.14999999999999997,200,0.007689201588710072,5.126134392473382,0.13784307803296011,0.955,0.5550616290674262,0.21,0.21,1.0,0.009756222171411137,0.006505837936588803,0.014658615214269054,0.001252447136270304,0.028801041647829335,0.028801041647829335,lo,,ols,0.0
2,DGP2_rho0.0_piL0.05_ols,0.05,,200,allunits_crossfit,3,PPI++,exact,False,False,exact,,0.05,ATE,42,0.14999999999999997,200,0.008206668715168825,5.4711124767792185,0.09182749469474848,0.94,0.36674142450974784,0.365,0.365,1.5011089923685266,0.0064834305123607746,0.005320485704440709,0.01679285562374667,0.0007320866187424699,0.0340422531569225,0.0340422531569225,ppi,,ols,0.0
2,DGP2_rho0.0_piL0.05_ols,0.05,,200,allunits_crossfit,2,SI,,,,,sandwich,0.05,ATE,42,0.14999999999999997,200,0.00497874652386834,3.319164349245561,0.026547345930761166,0.95,0.09955921116457889,1.0,1.0,5.192348733936428,0.0018485002192033478,0.0013311023801820991,0.015411035007422448,0.00026457353754132573,0.0,0.0,si,,ols,0.0
2,DGP2_rho0.0_piL0.20_gbt,0.2,,200,allunits_crossfit,6,AIPW,,,,,,0.05,ATE,42,0.14999999999999997,200,0.004623197120575831,3.0821314137172218,0.049003795466223604,0.95,0.20470412852494022,0.865,0.865,1.3442576674621793,0.003458292792345208,0.002536113025454127,0.015411035007422448,0.0001856259057677144,0.024163505540380516,0.024163505540380516,aipw,,gbt,0.0
2,DGP2_rho0.0_piL0.20_gbt,0.2,,200,allunits_crossfit,5,Composite Proxy,,,,,,0.05,ATE,42,0.14999999999999997,200,-0.003698915975739364,-2.4659439838262434,0.0227904021476034,0.935,0.08636799722119937,1.0,1.0,2.890415332014957,0.0015941482983887689,0.0011239342829846995,0.01743201078476031,4.4949440739164274e-05,0.0,0.0,cp,,gbt,0.0
2,DGP2_rho0.0_piL0.20_gbt,0.2,,200,allunits_crossfit,0,Labeled-Only,,,,,,0.05,ATE,42,0.14999999999999997,200,0.0032308003403345308,2.1538668935563545,0.06587372779021947,0.965,0.2773459428014964,0.61,0.61,1.0,0.004664045056832637,0.0034010797508464033,0.012995191418367032,0.0003193247192989109,0.03448912872196107,0.03448912872196107,lo,,gbt,0.0
2,DGP2_rho0.0_piL0.20_gbt,0.2,,200,allunits_crossfit,3,PPI++,exact,False,False,exact,,0.05,ATE,42,0.14999999999999997,200,0.004474070209712308,2.9827134731415397,0.048754826656724606,0.96,0.20501558480481372,0.87,0.87,1.3511221823026152,0.003441554967365206,0.0025238655037622313,0.013856406460551024,0.0002059615360557949,0.02378024390118823,0.02378024390118823,ppi,,gbt,0.0
2,DGP2_rho0.0_piL0.20_gbt,0.2,,200,allunits_crossfit,2,SI,,,,,plugin,0.05,ATE,42,0.14999999999999997,200,-0.002589803885707368,-1.7265359238049123,0.025669204327440763,0.91,0.09732367034423377,1.0,1.0,2.566255149552862,0.0018103568134895764,0.0013318690546741665,0.02023610634484806,0.00013767657712751506,0.0,0.0,si,,gbt,0.0
2,DGP2_rho0.0_piL0.20_ols,0.2,,200,allunits_crossfit,6,AIPW,,,,,,0.05,ATE,42,0.14999999999999997,200,0.005081807606997228,3.387871737998153,0.04795870514953276,0.96,0.20022931287652893,0.88,0.88,1.3735510077853144,0.003380562701120549,0.0026465944789366793,0.013856406460551024,0.00016936484762797085,0.022978250586152115,0.022978250586152115,aipw,,ols,0.0
2,DGP2_rho0.0_piL0.20_ols,0.2,,200,allunits_crossfit,5,Composite Proxy,,,,,,0.05,ATE,42,0.14999999999999997,200,-0.003698915975739364,-2.4659439838262434,0.0227904021476034,0.935,0.08636799722119937,1.0,1.0,2.890415332014957,0.0015941482983887689,0.0011239342829846995,0.01743201078476031,4.4949440739164274e-05,0.0,0.0,cp,,ols,0.0
2,DGP2_rho0.0_piL0.20_ols,0.2,,200,allunits_crossfit,0,Labeled-Only,,,,,,0.05,ATE,42,0.14999999999999997,200,0.0032308003403345308,2.1538668935563545,0.06587372779021947,0.965,0.2773459428014964,0.61,0.61,1.0,0.004664045056832637,0.0034010797508464033,0.012995191418367032,0.0003193247192989109,0.03448912872196107,0.03448912872196107,lo,,ols,0.0
2,DGP2_rho0.0_piL0.20_ols,0.2,,200,allunits_crossfit,3,PPI++,exact,False,False,exact,,0.05,ATE,42,0.14999999999999997,200,0.005060238293906307,3.373492195937539,0.047983733556807615,0.96,0.20067115268042252,0.875,0.875,1.372834560950369,0.00338250945651524,0.0026533440246520393,0.013856406460551024,0.00019392217267542015,0.023385358667337135,0.023385358667337135,ppi,,ols,0.0
2,DGP2_rho0.0_piL0.20_ols,0.2,,200,allunits_crossfit,2,SI,,,,,sandwich,0.05,ATE,42,0.14999999999999997,200,-0.0015610429092097896,-1.0406952728065266,0.024962331537201364,0.925,0.09667178671000258,1.0,1.0,2.638925281961256,0.0017660692816482955,0.0012428757220536188,0.01862458053218917,0.00012941869578737624,0.0,0.0,si,,ols,0.0
2,DGP2_rho0.0_piL0.50_gbt,0.5,,200,allunits_crossfit,6,AIPW,,,,,,0.05,ATE,42,0.14999999999999997,200,-0.0008839764479393028,-0.5893176319595353,0.037644880575198096,0.95,0.14719495663677878,0.98,0.98,1.2600824107558048,0.002667838998216365,0.0024070050165314535,0.015411035007422448,8.684613467069243e-05,0.009899494936611668,0.009899494936611668,aipw,,gbt,0.0
2,DGP2_rho0.0_piL0.50_gbt,0.5,,200,allunits_crossfit,5,Composite Proxy,,,,,,0.05,ATE,42,0.14999999999999997,200,-0.002510729833213822,-1.673819888809215,0.02101702102474789,0.965,0.08641800938835675,1.0,1.0,2.257011201157087,0.0014791879621717091,0.0009401597829824807,0.012995191418367032,4.092699660961205e-05,0.0,0.0,cp,,gbt,0.0
2,DGP2_rho0.0_piL0.50_gbt,0.5,,200,allunits_crossfit,0,Labeled-Only,,,,,,0.05,ATE,42,0.14999999999999997,200,-0.00044548537913566554,-0.29699025275711044,0.047435651867809986,0.93,0.17495407802831622,0.935,0.935,1.0,0.003362475914543423,0.0027340071769032612,0.01804161855266871,0.00012858511897109094,0.01743201078476031,0.01743201078476031,lo,,gbt,0.0
2,DGP2_rho0.0_piL0.50_gbt,0.5,,200,allunits_crossfit,3,PPI++,exact,False,False,exact,,0.05,ATE,42,0.14999999999999997,200,-0.000852105274900599,-0.568070183267066,0.037667802105063854,0.945,0.1471557940988199,0.98,0.98,1.259315628119247,0.002669516388576419,0.0024103055053536584,0.016120638945153514,0.00011046979543290021,0.009899494936611668,0.009899494936611668,ppi,,gbt,0.0
2,DGP2_rho0.0_piL0.50_gbt,0.5,,200,allunits_crossfit,2,SI,,,,,plugin,0.05,ATE,42,0.14999999999999997,200,-0.0005887977054702747,-0.3925318036468499,0.0234327232305724,0.96,0.09629620263453105,1.0,1.0,2.024333723445393,0.0016605772370214434,0.0010450153879085144,0.013856406460551024,9.238997922137358e-05,0.0,0.0,si,,gbt,0.0
2,DGP2_rho0.0_piL0.50_ols,0.5,,200,allunits_crossfit,6,AIPW,,,,,,0.05,ATE,42,0.14999999999999997,200,-0.0012393123606872273,-0.8262082404581517,0.037423047428166295,0.945,0.14646012800835526,0.98,0.98,1.2675518197405737,0.0026513944218691326,0.002444886644146432,0.016120638945153514,8.560707724293545e-05,0.009899494936611668,0.009899494936611668,aipw,,ols,0.0
2,DGP2_rho0.0_piL0.50_ols,0.5,,200,allunits_crossfit,5,Composite Proxy,,,,,,0.05,ATE,42,0.14999999999999997,200,-0.002510729833213822,-1.673819888809215,0.02101702102474789,0.965,0.08641800938835675,1.0,1.0,2.257011201157087,0.0014791879621717091,0.0009401597829824807,0.012995191418367032,4.092699660961205e-05,0.0,0.0,cp,,ols,0.0
2,DGP2_rho0.0_piL0.50_ols,0.5,,200,allunits_crossfit,0,Labeled-Only,,,,,,0.05,ATE,42,0.14999999999999997,200,-0.00044548537913566554,-0.29699025275711044,0.047435651867809986,0.93,0.17495407802831622,0.935,0.935,1.0,0.003362475914543423,0.0027340071769032612,0.01804161855266871,0.00012858511897109094,0.01743201078476031,0.01743201078476031,lo,,ols,0.0
2,DGP2_rho0.0_piL0.50_ols,0.5,,200,allunits_crossfit,3,PPI++,exact,False,False,exact,,0.05,ATE,42,0.14999999999999997,200,-0.0012172834028198367,-0.8115222685465581,0.03742775807389914,0.94,0.14644441172854003,0.98,0.98,1.2673922860714977,0.0026517798095940324,0.0024465839089102812,0.01679285562374667,0.00011168584410004623,0.009899494936611668,0.009899494936611668,ppi,,ols,0.0
2,DGP2_rho0.0_piL0.50_ols,0.5,,200,allunits_crossfit,2,SI,,,,,sandwich,0.05,ATE,42,0.14999999999999997,200,7.681009990189572e-05,0.051206733267930495,0.02340025740297886,0.96,0.09613969789359153,1.0,1.0,2.027142310911991,0.0016587913301727801,0.0010851013339603713,0.013856406460551024,9.087115706016024e-05,0.0,0.0,si,,ols,0.0
2,DGP2_rho0.2_piL0.05_gbt,0.05,,200,allunits_crossfit,6,AIPW,,,,,,0.05,ATE,42,0.1875,200,0.003154796269094329,1.6825580101836421,0.10655255262433833,0.945,0.39986043814595235,0.44,0.44,1.2087064890232193,0.007549998745802717,0.0052642448013161995,0.016120638945153514,0.0010452577382314566,0.03509985754956849,0.03509985754956849,aipw,,gbt,0.2
2,DGP2_rho0.2_piL0.05_gbt,0.05,,200,allunits_crossfit,5,Composite Proxy,,,,,,0.05,ATE,42,0.1875,200,-0.042103760665150224,-22.455339021413455,0.04800090628258646,0.53,0.08635018004825377,1.0,1.0,2.683090211272696,0.0016340601186504143,0.001562729317403229,0.03529164207004259,4.078163768677268e-05,0.0,0.0,cp,,gbt,0.2
2,DGP2_rho0.2_piL0.05_gbt,0.05,,200,allunits_crossfit,0,Labeled-Only,,,,,,0.05,ATE,42,0.1875,200,0.008169946162500325,4.357304620000173,0.1287907617790258,0.97,0.5532290188348518,0.27,0.27,1.0,0.009111347031049757,0.006494352974967915,0.012062338081814825,0.0012606921665735606,0.03139267430468452,0.03139267430468452,lo,,gbt,0.2
2,DGP2_rho0.2_piL0.05_gbt,0.05,,200,allunits_crossfit,3,PPI++,exact,False,False,exact,,0.05,ATE,42,0.1875,200,0.003753517212479559,2.0018758466557647,0.10337265852282806,0.94,0.3974102525712182,0.44,0.44,1.2458880676903998,0.007323061130062848,0.005154295611206709,0.01679285562374667,0.0010351960145710429,0.03509985754956849,0.03509985754956849,ppi,,gbt,0.2
2,DGP2_rho0.2_piL0.05_gbt,0.05,,200,allunits_crossfit,2,SI,,,,,plugin,0.05,ATE,42,0.1875,200,-0.04222664126357692,-22.520875340574356,0.05137047908174362,0.6,0.10130199195851805,1.0,1.0,2.507096762210191,0.0020738099919807994,0.001883338850757955,0.034641016151377546,0.00024881025411986054,0.0,0.0,si,,gbt,0.2
2,DGP2_rho0.2_piL0.05_ols,0.05,,200,allunits_crossfit,6,AIPW,,,,,,0.05,ATE,42,0.1875,200,0.004224114957752245,2.2528613108011974,0.0962413463885682,0.935,0.3653651610233544,0.495,0.495,1.338206151637171,0.0068157936627959445,0.0046900657162354505,0.01743201078476031,0.0007653210818318745,0.03535357124817803,0.03535357124817803,aipw,,ols,0.2
2,DGP2_rho0.2_piL0.05_ols,0.05,,200,allunits_crossfit,5,Composite Proxy,,,,,,0.05,ATE,42,0.1875,200,-0.042103760665150224,-22.455339021413455,0.04800090628258646,0.53,0.08635018004825377,1.0,1.0,2.683090211272696,0.0016340601186504143,0.001562729317403229,0.03529164207004259,4.078163768677268e-05,0.0,0.0,cp,,ols,0.2
2,DGP2_rho0.2_piL0.05_ols,0.05,,200,allunits_crossfit,0,Labeled-Only,,,,,,0.05,ATE,42,0.1875,200,0.008169946162500325,4.357304620000173,0.1287907617790258,0.97,0.5532290188348518,0.27,0.27,1.0,0.009111347031049757,0.006494352974967915,0.012062338081814825,0.0012606921665735606,0.03139267430468452,0.03139267430468452,lo,,ols,0.2
2,DGP2_rho0.2_piL0.05_ols,0.05,,200,allunits_crossfit,3,PPI++,exact,False,False,exact,,0.05,ATE,42,0.1875,200,0.004636860689803597,2.4729923678952517,0.09635894961796758,0.935,0.3669796587406319,0.5,0.5,1.3365729108675424,0.006822791650168935,0.00469095842743255,0.01743201078476031,0.0007918013340189405,0.035355339059327376,0.035355339059327376,ppi,,ols,0.2
2,DGP2_rho0.2_piL0.05_ols,0.05,,200,allunits_crossfit,2,SI,,,,,sandwich,0.05,ATE,42,0.1875,200,-0.03994900387468612,-21.306135399832595,0.048068319951902264,0.625,0.0994722396404044,1.0,1.0,2.679327297228099,0.0018950351323545644,0.0017265429713098277,0.03423265984407288,0.0002394607968138817,0.0,0.0,si,,ols,0.2
2,DGP2_rho0.2_piL0.20_gbt,0.2,,200,allunits_crossfit,6,AIPW,,,,,,0.05,ATE,42,0.1875,200,0.003978840723735543,2.1220483859922896,0.051144122516317655,0.94,0.2043375082813453,0.955,0.955,1.3287326964926534,0.0036145226993361586,0.002480680729712926,0.01679285562374667,0.00020904678488245659,0.014658615214269054,0.014658615214269054,aipw,,gbt,0.2
2,DGP2_rho0.2_piL0.20_gbt,0.2,,200,allunits_crossfit,5,Composite Proxy,,,,,,0.05,ATE,42,0.1875,200,-0.04082206406760827,-21.771767502724412,0.045503587745773406,0.545,0.08629317790281567,1.0,1.0,1.4934397744751358,0.0014250726561701138,0.0013215617959747596,0.035211858797853886,4.0300235874697145e-05,0.0,0.0,cp,,gbt,0.2
2,DGP2_rho0.2_piL0.20_gbt,0.2,,200,allunits_crossfit,0,Labeled-Only,,,,,,0.05,ATE,42,0.1875,200,0.0033678486267228118,1.7961859342521664,0.06795686782085739,0.975,0.27685426983302114,0.77,0.77,1.0,0.0048114151741598336,0.0033913525951488224,0.011039701082909813,0.0002980200448674399,0.02975735203273302,0.02975735203273302,lo,,gbt,0.2
2,DGP2_rho0.2_piL0.20_gbt,0.2,,200,allunits_crossfit,3,PPI++,exact,False,False,exact,,0.05,ATE,42,0.1875,200,0.004078026172990701,2.1749472922617072,0.05101467579289592,0.94,0.20439186650692343,0.955,0.955,1.3321042771445146,0.003604761541738566,0.0024447868342383316,0.01679285562374667,0.00021771260230001412,0.014658615214269054,0.014658615214269054,ppi,,gbt,0.2
2,DGP2_rho0.2_piL0.20_gbt,0.2,,200,allunits_crossfit,2,SI,,,,,plugin,0.05,ATE,42,0.1875,200,-0.038978498042784096,-20.788532289484852,0.04541784150852001,0.665,0.09740435940566933,1.0,1.0,1.4962593017131658,0.0016525555322117972,0.001506570095917981,0.0333747659167821,0.00013227795224315462,0.0,0.0,si,,gbt,0.2
2,DGP2_rho0.2_piL0.20_ols,0.2,,200,allunits_crossfit,6,AIPW,,,,,,0.05,ATE,42,0.1875,200,0.0046127573093851845,2.4601372316720984,0.0497362262098482,0.935,0.19995049369776755,0.96,0.96,1.3663454789298295,0.0035105116147072487,0.002492751542160288,0.01743201078476031,0.0001929436996150688,0.013856406460551024,0.013856406460551024,aipw,,ols,0.2
2,DGP2_rho0.2_piL0.20_ols,0.2,,200,allunits_crossfit,5,Composite Proxy,,,,,,0.05,ATE,42,0.1875,200,-0.04082206406760827,-21.771767502724412,0.045503587745773406,0.545,0.08629317790281567,1.0,1.0,1.4934397744751358,0.0014250726561701138,0.0013215617959747596,0.035211858797853886,4.0300235874697145e-05,0.0,0.0,cp,,ols,0.2
2,DGP2_rho0.2_piL0.20_ols,0.2,,200,allunits_crossfit,0,Labeled-Only,,,,,,0.05,ATE,42,0.1875,200,0.0033678486267228118,1.7961859342521664,0.06795686782085739,0.975,0.27685426983302114,0.77,0.77,1.0,0.0048114151741598336,0.0033913525951488224,0.011039701082909813,0.0002980200448674399,0.02975735203273302,0.02975735203273302,lo,,ols,0.2
2,DGP2_rho0.2_piL0.20_ols,0.2,,200,allunits_crossfit,3,PPI++,exact,False,False,exact,,0.05,ATE,42,0.1875,200,0.004717724926020912,2.516119960544487,0.049744489045467855,0.935,0.20021069905856578,0.96,0.96,1.3661185213651086,0.003510398953631001,0.002491497972032397,0.01743201078476031,0.00020520208462012523,0.013856406460551024,0.013856406460551024,ppi,,ols,0.2
2,DGP2_rho0.2_piL0.20_ols,0.2,,200,allunits_crossfit,2,SI,,,,,sandwich,0.05,ATE,42,0.1875,200,-0.038346243637064424,-20.451329939767692,0.04463277929028099,0.695,0.09674975127117841,1.0,1.0,1.5225775517783033,0.0016190613728808846,0.0014890217973556564,0.03255572146336186,0.00012683627378871988,0.0,0.0,si,,ols,0.2
2,DGP2_rho0.2_piL0.50_gbt,0.5,,200,allunits_crossfit,6,AIPW,,,,,,0.05,ATE,42,0.1875,200,0.002031793929385369,1.0836234290055302,0.039132982419403266,0.93,0.14712456286786116,1.0,1.0,1.2016787427276254,0.0027703220124368484,0.002078589115083863,0.01804161855266871,7.882530375407146e-05,0.0,0.0,aipw,,gbt,0.2
2,DGP2_rho0.2_piL0.50_gbt,0.5,,200,allunits_crossfit,5,Composite Proxy,,,,,,0.05,ATE,42,0.1875,200,-0.040249433853116426,-21.466364721662092,0.04556726388468156,0.555,0.08629367805375536,1.0,1.0,1.031996857040595,0.0015143511346428272,0.001449721629802618,0.03514078826662828,4.181556489314845e-05,0.0,0.0,cp,,gbt,0.2
2,DGP2_rho0.2_piL0.50_gbt,0.5,,200,allunits_crossfit,0,Labeled-Only,,,,,,0.05,ATE,42,0.1875,200,-0.0005211799998707387,-0.27796266659772734,0.04702527311293079,0.925,0.17468235136060017,0.99,0.99,1.0,0.003333328487834099,0.0021926275876540105,0.01862458053218917,0.00011276572713899995,0.007035623639735147,0.007035623639735147,lo,,gbt,0.2
2,DGP2_rho0.2_piL0.50_gbt,0.5,,200,allunits_crossfit,3,PPI++,exact,False,False,exact,,0.05,ATE,42,0.1875,200,0.001977099603945776,1.054453122104414,0.03919928916950012,0.93,0.14698786555668,1.0,1.0,1.1996460678047154,0.002775227229186635,0.0020704829689524064,0.01804161855266871,0.00010045874287463975,0.0,0.0,ppi,,gbt,0.2
2,DGP2_rho0.2_piL0.50_gbt,0.5,,200,allunits_crossfit,2,SI,,,,,plugin,0.05,ATE,42,0.1875,200,-0.03862901998975488,-20.602143994535936,0.04533391522200306,0.68,0.0961330602123001,1.0,1.0,1.0373088863524151,0.0016819507159811003,0.0015433387883247679,0.03298484500494128,8.360358902443875e-05,0.0,0.0,si,,gbt,0.2
2,DGP2_rho0.2_piL0.50_ols,0.5,,200,allunits_crossfit,6,AIPW,,,,,,0.05,ATE,42,0.1875,200,0.0021923456730647446,1.1692510256345303,0.03815039683195029,0.93,0.14641593357974478,1.0,1.0,1.232628675399464,0.0026999408135008106,0.002009472051496748,0.01804161855266871,7.545440739932218e-05,0.0,0.0,aipw,,ols,0.2
2,DGP2_rho0.2_piL0.50_ols,0.5,,200,allunits_crossfit,5,Composite Proxy,,,,,,0.05,ATE,42,0.1875,200,-0.040249433853116426,-21.466364721662092,0.04556726388468156,0.555,0.08629367805375536,1.0,1.0,1.031996857040595,0.0015143511346428272,0.001449721629802618,0.03514078826662828,4.181556489314845e-05,0.0,0.0,cp,,ols,0.2
2,DGP2_rho0.2_piL0.50_ols,0.5,,200,allunits_crossfit,0,Labeled-Only,,,,,,0.05,ATE,42,0.1875,200,-0.0005211799998707387,-0.27796266659772734,0.04702527311293079,0.925,0.17468235136060017,0.99,0.99,1.0,0.003333328487834099,0.0021926275876540105,0.01862458053218917,0.00011276572713899995,0.007035623639735147,0.007035623639735147,lo,,ols,0.2
2,DGP2_rho0.2_piL0.50_ols,0.5,,200,allunits_crossfit,3,PPI++,exact,False,False,exact,,0.05,ATE,42,0.1875,200,0.00218306894343506,1.1643034364986986,0.038174199699892164,0.93,0.14628488531419312,1.0,1.0,1.2318600909153736,0.002701668694018287,0.0020060770106234784,0.01804161855266871,0.00010016303841981857,0.0,0.0,ppi,,ols,0.2
2,DGP2_rho0.2_piL0.50_ols,0.5,,200,allunits_crossfit,2,SI,,,,,sandwich,0.05,ATE,42,0.1875,200,-0.03775376946262481,-20.1353437133999,0.04443068975512478,0.685,0.09610507969914339,1.0,1.0,1.0583961980357675,0.0016605670210965314,0.0015550496821731662,0.03284623266068728,8.40325511567523e-05,0.0,0.0,si,,ols,0.2
2,DGP2_rho0.4_piL0.05_gbt,0.05,,200,allunits_crossfit,6,AIPW,,,,,,0.05,ATE,42,0.25,200,0.0002994150394203338,0.11976601576813352,0.10286707036108302,0.95,0.40069080262826196,0.695,0.695,1.344247874933312,0.007292022389514225,0.004897989501139951,0.015411035007422448,0.0009451698625411662,0.03255572146336186,0.03255572146336186,aipw,,gbt,0.4
2,DGP2_rho0.4_piL0.05_gbt,0.05,,200,allunits_crossfit,5,Composite Proxy,,,,,,0.05,ATE,42,0.25,200,-0.10337326104220289,-41.349304416881154,0.1055365238354123,0.01,0.08644919523064144,1.0,1.0,1.3102463081800169,0.0015069800156783525,0.0014619689640407902,0.007035623639735145,4.6327714626383065e-05,0.0,0.0,cp,,gbt,0.4
2,DGP2_rho0.4_piL0.05_gbt,0.05,,200,allunits_crossfit,0,Labeled-Only,,,,,,0.05,ATE,42,0.25,200,0.009970074613844459,3.9880298455377834,0.13827884073350133,0.96,0.5543971592107269,0.47,0.47,1.0,0.009776814796846474,0.006293733926673116,0.013856406460551024,0.0012477601008860316,0.03529164207004259,0.03529164207004259,lo,,gbt,0.4
2,DGP2_rho0.4_piL0.05_gbt,0.05,,200,allunits_crossfit,3,PPI++,exact,False,False,exact,,0.05,ATE,42,0.25,200,0.0016095102762752151,0.643804110510086,0.10320135197746406,0.955,0.39777742548425465,0.69,0.69,1.3398936940641735,0.00731486011663,0.0049559277752602715,0.014658615214269054,0.0009262818116139367,0.032703210851535665,0.032703210851535665,ppi,,gbt,0.4
2,DGP2_rho0.4_piL0.05_gbt,0.05,,200,allunits_crossfit,2,SI,,,,,plugin,0.05,ATE,42,0.25,200,-0.10342937146447748,-41.37174858579099,0.10673115584374888,0.03,0.10171801176612462,1.0,1.0,1.295580841792225,0.0018673399593129654,0.0017893820606599087,0.012062338081814818,0.00026290436168625137,0.0,0.0,si,,gbt,0.4
2,DGP2_rho0.4_piL0.05_ols,0.05,,200,allunits_crossfit,6,AIPW,,,,,,0.05,ATE,42,0.25,200,-0.0007548879656049412,-0.3019551862419765,0.09518755573654004,0.955,0.3664000519542297,0.765,0.765,1.4526987237305395,0.006747454726242702,0.0046246680344087625,0.014658615214269054,0.0007153414024193843,0.029981244136960027,0.029981244136960027,aipw,,ols,0.4
2,DGP2_rho0.4_piL0.05_ols,0.05,,200,allunits_crossfit,5,Composite Proxy,,,,,,0.05,ATE,42,0.25,200,-0.10337326104220289,-41.349304416881154,0.1055365238354123,0.01,0.08644919523064144,1.0,1.0,1.3102463081800169,0.0015069800156783525,0.0014619689640407902,0.007035623639735145,4.6327714626383065e-05,0.0,0.0,cp,,ols,0.4
2,DGP2_rho0.4_piL0.05_ols,0.05,,200,allunits_crossfit,0,Labeled-Only,,,,,,0.05,ATE,42,0.25,200,0.009970074613844459,3.9880298455377834,0.13827884073350133,0.96,0.5543971592107269,0.47,0.47,1.0,0.009776814796846474,0.006293733926673116,0.013856406460551024,0.0012477601008860316,0.03529164207004259,0.03529164207004259,lo,,ols,0.4
2,DGP2_rho0.4_piL0.05_ols,0.05,,200,allunits_crossfit,3,PPI++,exact,False,False,exact,,0.05,ATE,42,0.25,200,-0.0007050965390612096,-0.28203861562448385,0.0956669262769118,0.955,0.36774835129485034,0.76,0.76,1.4454194998723762,0.006781464399947268,0.004669710659878554,0.014658615214269054,0.0007385719400800888,0.030199337741083,0.030199337741083,ppi,,ols,0.4
2,DGP2_rho0.4_piL0.05_ols,0.05,,200,allunits_crossfit,2,SI,,,,,sandwich,0.05,ATE,42,0.25,200,-0.10071517511078149,-40.286070044312595,0.10365669799018959,0.02,0.0999091058110648,1.0,1.0,1.334007771949175,0.0017380815112845822,0.0016502011416234768,0.009899494936611665,0.00025188080306054873,0.0,0.0,si,,ols,0.4
2,DGP2_rho0.4_piL0.20_gbt,0.2,,200,allunits_crossfit,6,AIPW,,,,,,0.05,ATE,42,0.25,200,-0.002413387488643366,-0.9653549954573465,0.05024528522555076,0.98,0.20453217874631044,0.995,0.995,1.3656247521818985,0.0035576827816723748,0.0022500435438282244,0.009899494936611668,0.00020405793106760735,0.004987484335815003,0.004987484335815003,aipw,,gbt,0.4
2,DGP2_rho0.4_piL0.20_gbt,0.2,,200,allunits_crossfit,5,Composite Proxy,,,,,,0.05,ATE,42,0.25,200,-0.10136696042437723,-40.54678416975089,0.10381938991925523,0.0,0.08630214361511099,1.0,1.0,0.6609189789866547,0.0015901788046630016,0.0016095131836245257,0.0,4.095475823284727e-05,0.0,0.0,cp,,gbt,0.4
2,DGP2_rho0.4_piL0.20_gbt,0.2,,200,allunits_crossfit,0,Labeled-Only,,,,,,0.05,ATE,42,0.25,200,0.0012976051457330847,0.5190420582932339,0.06861620518445156,0.96,0.27644548455850126,0.975,0.975,1.0,0.00486320397872597,0.003966567263153777,0.013856406460551024,0.0003109576659727573,0.011039701082909813,0.011039701082909813,lo,,gbt,0.4
2,DGP2_rho0.4_piL0.20_gbt,0.2,,200,allunits_crossfit,3,PPI++,exact,False,False,exact,,0.05,ATE,42,0.25,200,-0.002284705981208837,-0.9138823924835348,0.05030196449364071,0.98,0.20440625888293468,0.995,0.995,1.3640859929660636,0.00356213175862765,0.0022709351536253234,0.009899494936611668,0.00022153694258456554,0.004987484335815003,0.004987484335815003,ppi,,gbt,0.4
2,DGP2_rho0.4_piL0.20_gbt,0.2,,200,allunits_crossfit,2,SI,,,,,plugin,0.05,ATE,42,0.25,200,-0.0994298612849,-39.77194451396,0.10277144315617044,0.01,0.09743807205369348,1.0,1.0,0.6676582820792258,0.0018426442291210612,0.0018475278489616211,0.007035623639735145,0.00013986287958513447,0.0,0.0,si,,gbt,0.4
2,DGP2_rho0.4_piL0.20_ols,0.2,,200,allunits_crossfit,6,AIPW,,,,,,0.05,ATE,42,0.25,200,-0.0025851459359099386,-1.0340583743639755,0.04761917663764189,0.98,0.19996174412111503,0.995,0.995,1.4409364048141058,0.0033706559641750867,0.002213687665604119,0.009899494936611668,0.00018474992489793025,0.004987484335815003,0.004987484335815003,aipw,,ols,0.4
2,DGP2_rho0.4_piL0.20_ols,0.2,,200,allunits_crossfit,5,Composite Proxy,,,,,,0.05,ATE,42,0.25,200,-0.10136696042437723,-40.54678416975089,0.10381938991925523,0.0,0.08630214361511099,1.0,1.0,0.6609189789866547,0.0015901788046630016,0.0016095131836245257,0.0,4.095475823284727e-05,0.0,0.0,cp,,ols,0.4
2,DGP2_rho0.4_piL0.20_ols,0.2,,200,allunits_crossfit,0,Labeled-Only,,,,,,0.05,ATE,42,0.25,200,0.0012976051457330847,0.5190420582932339,0.06861620518445156,0.96,0.27644548455850126,0.975,0.975,1.0,0.00486320397872597,0.003966567263153777,0.013856406460551024,0.0003109576659727573,0.011039701082909813,0.011039701082909813,lo,,ols,0.4
2,DGP2_rho0.4_piL0.20_ols,0.2,,200,allunits_crossfit,3,PPI++,exact,False,False,exact,,0.05,ATE,42,0.25,200,-0.0026083285041068904,-1.0433314016427562,0.047635109759320435,0.98,0.20005081524489227,0.995,0.995,1.4404544364679648,0.003371697382205541,0.002222522945366661,0.009899494936611668,0.00020498348357867298,0.004987484335815003,0.004987484335815003,ppi,,ols,0.4
2,DGP2_rho0.4_piL0.20_ols,0.2,,200,allunits_crossfit,2,SI,,,,,sandwich,0.05,ATE,42,0.25,200,-0.0990190014992958,-39.60760059971832,0.10234802794206779,0.03,0.0969699689751155,1.0,1.0,0.6704203936717813,0.0018353811452407505,0.0018496147655039843,0.012062338081814818,0.0001392668747321623,0.0,0.0,si,,ols,0.4
2,DGP2_rho0.4_piL0.50_gbt,0.5,,200,allunits_crossfit,6,AIPW,,,,,,0.05,ATE,42,0.25,200,-0.002320752298396862,-0.9283009193587448,0.0372877573967283,0.955,0.14720433819280485,1.0,1.0,1.2116428401358963,0.0026381344867318986,0.0016397365619533083,0.014658615214269054,8.183999720737307e-05,0.0,0.0,aipw,,gbt,0.4
2,DGP2_rho0.4_piL0.50_gbt,0.5,,200,allunits_crossfit,5,Composite Proxy,,,,,,0.05,ATE,42,0.25,200,-0.10370723768282632,-41.48289507313053,0.10606797095525614,0.0,0.08629496393177699,1.0,1.0,0.4259480394277431,0.0015775168368887436,0.0016161850580643418,0.0,4.445810818672976e-05,0.0,0.0,cp,,gbt,0.4
2,DGP2_rho0.4_piL0.50_gbt,0.5,,200,allunits_crossfit,0,Labeled-Only,,,,,,0.05,ATE,42,0.25,200,-0.0037554841996067677,-1.5021936798427071,0.045179444274470154,0.955,0.1748599744350129,1.0,1.0,1.0,0.0031916021428230446,0.002000153352351069,0.014658615214269054,0.00012287143784356217,0.0,0.0,lo,,gbt,0.4
2,DGP2_rho0.4_piL0.50_gbt,0.5,,200,allunits_crossfit,3,PPI++,exact,False,False,exact,,0.05,ATE,42,0.25,200,-0.0023031252807944476,-0.9212501123177791,0.037311201765350285,0.955,0.14724040922978243,1.0,1.0,1.2108815084167794,0.0026398772157335206,0.0016338630079426257,0.014658615214269054,0.00010412692018751142,0.0,0.0,ppi,,gbt,0.4
2,DGP2_rho0.4_piL0.50_gbt,0.5,,200,allunits_crossfit,2,SI,,,,,plugin,0.05,ATE,42,0.25,200,-0.1020802724681501,-40.83210898726004,0.10496500161246514,0.01,0.09622500362590992,1.0,1.0,0.43042388968157613,0.0017324417606184846,0.0017885497066121381,0.007035623639735145,9.103912501780158e-05,0.0,0.0,si,,gbt,0.4
2,DGP2_rho0.4_piL0.50_ols,0.5,,200,allunits_crossfit,6,AIPW,,,,,,0.05,ATE,42,0.25,200,-0.002543380326119561,-1.0173521304478244,0.036968389082791896,0.95,0.14648121352690885,1.0,1.0,1.2221101702129713,0.002614410209432118,0.0016406673472706813,0.015411035007422448,8.22897678771736e-05,0.0,0.0,aipw,,ols,0.4
2,DGP2_rho0.4_piL0.50_ols,0.5,,200,allunits_crossfit,5,Composite Proxy,,,,,,0.05,ATE,42,0.25,200,-0.10370723768282632,-41.48289507313053,0.10606797095525614,0.0,0.08629496393177699,1.0,1.0,0.4259480394277431,0.0015775168368887436,0.0016161850580643418,0.0,4.445810818672976e-05,0.0,0.0,cp,,ols,0.4
2,DGP2_rho0.4_piL0.50_ols,0.5,,200,allunits_crossfit,0,Labeled-Only,,,,,,0.05,ATE,42,0.25,200,-0.0037554841996067677,-1.5021936798427071,0.045179444274470154,0.955,0.1748599744350129,1.0,1.0,1.0,0.0031916021428230446,0.002000153352351069,0.014658615214269054,0.00012287143784356217,0.0,0.0,lo,,ols,0.4
2,DGP2_rho0.4_piL0.50_ols,0.5,,200,allunits_crossfit,3,PPI++,exact,False,False,exact,,0.05,ATE,42,0.25,200,-0.002499907215917539,-0.9999628863670156,0.03694971391296193,0.95,0.14652007491428667,1.0,1.0,1.2227278506375996,0.0026132940207720013,0.0016357334972077976,0.015411035007422448,0.00010304841160728445,0.0,0.0,ppi,,ols,0.4
2,DGP2_rho0.4_piL0.50_ols,0.5,,200,allunits_crossfit,2,SI,,,,,sandwich,0.05,ATE,42,0.25,200,-0.10114095141219526,-40.4563805648781,0.10415355895573548,0.015,0.09633374003554648,1.0,1.0,0.43377724897207875,0.0017629232669446506,0.0018109505803517968,0.008595056718835542,9.062624759826883e-05,0.0,0.0,si,,ols,0.4
4,DGP4_delta_beta0.0_piL0.05_gbt,0.05,,200,allunits_crossfit,6,AIPW,,,,,,0.05,ATE,42,0.14999999999999997,200,0.0033638240312950495,2.2425493541967,0.10273250588939335,0.965,0.39884386180830206,0.345,0.345,1.3961752094017723,0.007278609278988983,0.004581434079320969,0.012995191418367032,0.0011127129135673232,0.033613613313656115,0.033613613313656115,aipw,0.0,gbt,
4,DGP4_delta_beta0.0_piL0.05_gbt,0.05,,200,allunits_crossfit,5,Composite Proxy,,,,,,0.05,ATE,42,0.14999999999999997,200,6.309832751791589e-05,0.042065551678610605,0.02298110027446073,0.935,0.08623463562091277,1.0,1.0,6.241327708834356,0.001629080864920976,0.0010470651927998635,0.01743201078476031,4.421529091949473e-05,0.0,0.0,cp,0.0,gbt,
4,DGP4_delta_beta0.0_piL0.05_gbt,0.05,,200,allunits_crossfit,0,Labeled-Only,,,,,,0.05,ATE,42,0.14999999999999997,200,0.0029910950649038705,1.9940633766025808,0.14343257792249256,0.95,0.551664178985033,0.19,0.19,1.0,0.010165454793308415,0.007025048111023995,0.015411035007422448,0.001193989744023002,0.027739863013360393,0.027739863013360393,lo,0.0,gbt,
4,DGP4_delta_beta0.0_piL0.05_gbt,0.05,,200,allunits_crossfit,3,PPI++,exact,False,False,exact,,0.05,ATE,42,0.14999999999999997,200,0.0031668384205736184,2.1112256137157464,0.10197655501093705,0.96,0.396531327917788,0.365,0.365,1.406525038104193,0.007225439739471009,0.004603930341438749,0.013856406460551024,0.0010360497647591376,0.0340422531569225,0.0340422531569225,ppi,0.0,gbt,
4,DGP4_delta_beta0.0_piL0.05_gbt,0.05,,200,allunits_crossfit,2,SI,,,,,plugin,0.05,ATE,42,0.14999999999999997,200,0.002767050898328104,1.8447005988854028,0.02546636713887621,0.94,0.09556787168941225,1.0,1.0,5.632235534040213,0.0017945748570282235,0.0011748914679701025,0.01679285562374667,5.6528572668608055e-05,0.0,0.0,si,0.0,gbt,
4,DGP4_delta_beta0.0_piL0.05_ols,0.05,,200,allunits_crossfit,6,AIPW,,,,,,0.05,ATE,42,0.14999999999999997,200,0.0060504960420345675,4.033664028023046,0.09977271910636404,0.945,0.36469582682605056,0.425,0.425,1.4375931537917128,0.0070596834582199956,0.004653616003081348,0.016120638945153514,0.0008411950044912445,0.034955328635273904,0.034955328635273904,aipw,0.0,ols,
4,DGP4_delta_beta0.0_piL0.05_ols,0.05,,200,allunits_crossfit,5,Composite Proxy,,,,,,0.05,ATE,42,0.14999999999999997,200,6.309832751791589e-05,0.042065551678610605,0.02298110027446073,0.935,0.08623463562091277,1.0,1.0,6.241327708834356,0.001629080864920976,0.0010470651927998635,0.01743201078476031,4.421529091949473e-05,0.0,0.0,cp,0.0,ols,
4,DGP4_delta_beta0.0_piL0.05_ols,0.05,,200,allunits_crossfit,0,Labeled-Only,,,,,,0.05,ATE,42,0.14999999999999997,200,0.0029910950649038705,1.9940633766025808,0.14343257792249256,0.95,0.551664178985033,0.19,0.19,1.0,0.010165454793308415,0.007025048111023995,0.015411035007422448,0.001193989744023002,0.027739863013360393,0.027739863013360393,lo,0.0,ols,
4,DGP4_delta_beta0.0_piL0.05_ols,0.05,,200,allunits_crossfit,3,PPI++,exact,False,False,exact,,0.05,ATE,42,0.14999999999999997,200,0.006049449070564944,4.032966047043296,0.10018225085434901,0.945,0.36630356738710623,0.42,0.42,1.4317164637379078,0.0070887721939004965,0.004747807593178191,0.016120638945153514,0.0008280336580695474,0.034899856733230296,0.034899856733230296,ppi,0.0,ols,
4,DGP4_delta_beta0.0_piL0.05_ols,0.05,,200,allunits_crossfit,2,SI,,,,,plugin,0.05,ATE,42,0.14999999999999997,200,0.002767050898328104,1.8447005988854028,0.02546636713887621,0.94,0.09556787168941225,1.0,1.0,5.632235534040213,0.0017945748570282235,0.0011748914679701025,0.01679285562374667,5.6528572668608055e-05,0.0,0.0,si,0.0,ols,
4,DGP4_delta_beta0.0_piL0.20_gbt,0.2,,200,allunits_crossfit,6,AIPW,,,,,,0.05,ATE,42,0.14999999999999997,200,-0.0006186101492447418,-0.4124067661631613,0.04982211536621706,0.96,0.2045099715325595,0.835,0.835,1.3132870952417603,0.00353152386503134,0.0025644687175651287,0.013856406460551024,0.00018045562123456568,0.02624642832844119,0.02624642832844119,aipw,0.0,gbt,
4,DGP4_delta_beta0.0_piL0.20_gbt,0.2,,200,allunits_crossfit,5,Composite Proxy,,,,,,0.05,ATE,42,0.14999999999999997,200,-0.0029891807811269354,-1.9927871874179572,0.02126371536644434,0.965,0.08637119003493506,1.0,1.0,3.0771076474882397,0.0014923765900896968,0.001148200929058781,0.012995191418367032,3.8255151482996434e-05,0.0,0.0,cp,0.0,gbt,
4,DGP4_delta_beta0.0_piL0.20_gbt,0.2,,200,allunits_crossfit,0,Labeled-Only,,,,,,0.05,ATE,42,0.14999999999999997,200,-0.0029608853863822894,-1.9739235909215267,0.06543074116809908,0.975,0.2767155081171483,0.58,0.58,1.0,0.004633510801695032,0.0028225125436708797,0.011039701082909813,0.0002811725209061411,0.034899856733230296,0.034899856733230296,lo,0.0,gbt,
4,DGP4_delta_beta0.0_piL0.20_gbt,0.2,,200,allunits_crossfit,3,PPI++,exact,False,False,exact,,0.05,ATE,42,0.14999999999999997,200,-0.0007657322495022915,-0.5104881663348612,0.04963038283516019,0.96,0.2044539389617767,0.84,0.84,1.318360597487579,0.0035177857889184734,0.002523294806432454,0.013856406460551024,0.00019752335111811075,0.025922962793631443,0.025922962793631443,ppi,0.0,gbt,
4,DGP4_delta_beta0.0_piL0.20_gbt,0.2,,200,allunits_crossfit,2,SI,,,,,plugin,0.05,ATE,42,0.14999999999999997,200,-0.0004728887309214768,-0.31525915394765125,0.02292978282837929,0.975,0.0956918296404417,1.0,1.0,2.8535264227238133,0.001625103501620411,0.0012436828330765687,0.011039701082909813,5.04800741854452e-05,0.0,0.0,si,0.0,gbt,
4,DGP4_delta_beta0.0_piL0.20_ols,0.2,,200,allunits_crossfit,6,AIPW,,,,,,0.05,ATE,42,0.14999999999999997,200,-0.00011156705991235458,-0.07437803994156973,0.04895291390930857,0.955,0.19992680240114466,0.855,0.855,1.3366056469961678,0.0034701710477322563,0.0023179173298781596,0.014658615214269054,0.0001663533916441221,0.02489728900904675,0.02489728900904675,aipw,0.0,ols,
4,DGP4_delta_beta0.0_piL0.20_ols,0.2,,200,allunits_crossfit,5,Composite Proxy,,,,,,0.05,ATE,42,0.14999999999999997,200,-0.0029891807811269354,-1.9927871874179572,0.02126371536644434,0.965,0.08637119003493506,1.0,1.0,3.0771076474882397,0.0014923765900896968,0.001148200929058781,0.012995191418367032,3.8255151482996434e-05,0.0,0.0,cp,0.0,ols,
4,DGP4_delta_beta0.0_piL0.20_ols,0.2,,200,allunits_crossfit,0,Labeled-Only,,,,,,0.05,ATE,42,0.14999999999999997,200,-0.0029608853863822894,-1.9739235909215267,0.06543074116809908,0.975,0.2767155081171483,0.58,0.58,1.0,0.004633510801695032,0.0028225125436708797,0.011039701082909813,0.0002811725209061411,0.034899856733230296,0.034899856733230296,lo,0.0,ols,
4,DGP4_delta_beta0.0_piL0.20_ols,0.2,,200,allunits_crossfit,3,PPI++,exact,False,False,exact,,0.05,ATE,42,0.14999999999999997,200,-0.00013178885389478215,-0.08785923592985478,0.049022547400430334,0.955,0.20006989235013678,0.855,0.855,1.3347070814913364,0.0034751036898057657,0.002313247631872969,0.014658615214269054,0.00019087405138451798,0.02489728900904675,0.02489728900904675,ppi,0.0,ols,
4,DGP4_delta_beta0.0_piL0.20_ols,0.2,,200,allunits_crossfit,2,SI,,,,,plugin,0.05,ATE,42,0.14999999999999997,200,-0.0004728887309214768,-0.31525915394765125,0.02292978282837929,0.975,0.0956918296404417,1.0,1.0,2.8535264227238133,0.001625103501620411,0.0012436828330765687,0.011039701082909813,5.04800741854452e-05,0.0,0.0,si,0.0,ols,
4,DGP4_delta_beta0.0_piL0.50_gbt,0.5,,200,allunits_crossfit,6,AIPW,,,,,,0.05,ATE,42,0.14999999999999997,200,-0.00013112657625360055,-0.08741771750240038,0.04101753318282824,0.94,0.14711584948789685,0.96,0.96,1.1675943139091824,0.0029076409770437614,0.0020402572392344597,0.01679285562374667,8.101143682873322e-05,0.013856406460551024,0.013856406460551024,aipw,0.0,gbt,
4,DGP4_delta_beta0.0_piL0.50_gbt,0.5,,200,allunits_crossfit,5,Composite Proxy,,,,,,0.05,ATE,42,0.14999999999999997,200,-0.0013968658137238036,-0.9312438758158693,0.02359610365545953,0.955,0.0863285408419015,1.0,1.0,2.029650285239806,0.0016697498889192753,0.001055447108815933,0.014658615214269054,4.052299880661008e-05,0.0,0.0,cp,0.0,gbt,
4,DGP4_delta_beta0.0_piL0.50_gbt,0.5,,200,allunits_crossfit,0,Labeled-Only,,,,,,0.05,ATE,42,0.14999999999999997,200,-0.001509719774046443,-1.0064798493642955,0.047891838514851466,0.92,0.17469705578916175,0.885,0.885,1.0,0.0033932751574479014,0.002196047181939527,0.019183326093250873,0.00011612466026054717,0.022558257911461158,0.022558257911461158,lo,0.0,gbt,
4,DGP4_delta_beta0.0_piL0.50_gbt,0.5,,200,allunits_crossfit,3,PPI++,exact,False,False,exact,,0.05,ATE,42,0.14999999999999997,200,-0.00020615471931274525,-0.13743647954183022,0.041035210106204714,0.94,0.14705109250378898,0.96,0.96,1.1670913440165376,0.002908872209485307,0.0020368799257128208,0.01679285562374667,9.699419835670901e-05,0.013856406460551024,0.013856406460551024,ppi,0.0,gbt,
4,DGP4_delta_beta0.0_piL0.50_gbt,0.5,,200,allunits_crossfit,2,SI,,,,,plugin,0.05,ATE,42,0.14999999999999997,200,0.0007381856867758276,0.4921237911838852,0.02619289467028526,0.955,0.09569853107801843,1.0,1.0,1.8284286298903325,0.0018560275474212172,0.0011249132366701108,0.014658615214269054,5.603026141072622e-05,0.0,0.0,si,0.0,gbt,
4,DGP4_delta_beta0.0_piL0.50_ols,0.5,,200,allunits_crossfit,6,AIPW,,,,,,0.05,ATE,42,0.14999999999999997,200,-0.00021300855916253275,-0.1420057061083552,0.0404794773793505,0.93,0.1463786828830202,0.96,0.96,1.183114052240264,0.002869474341456418,0.0019746775716806197,0.01804161855266871,7.937086156424858e-05,0.013856406460551024,0.013856406460551024,aipw,0.0,ols,
4,DGP4_delta_beta0.0_piL0.50_ols,0.5,,200,allunits_crossfit,5,Composite Proxy,,,,,,0.05,ATE,42,0.14999999999999997,200,-0.0013968658137238036,-0.9312438758158693,0.02359610365545953,0.955,0.0863285408419015,1.0,1.0,2.029650285239806,0.0016697498889192753,0.001055447108815933,0.014658615214269054,4.052299880661008e-05,0.0,0.0,cp,0.0,ols,
4,DGP4_delta_beta0.0_piL0.50_ols,0.5,,200,allunits_crossfit,0,Labeled-Only,,,,,,0.05,ATE,42,0.14999999999999997,200,-0.001509719774046443,-1.0064798493642955,0.047891838514851466,0.92,0.17469705578916175,0.885,0.885,1.0,0.0033932751574479014,0.002196047181939527,0.019183326093250873,0.00011612466026054717,0.022558257911461158,0.022558257911461158,lo,0.0,ols,
4,DGP4_delta_beta0.0_piL0.50_ols,0.5,,200,allunits_crossfit,3,PPI++,exact,False,False,exact,,0.05,ATE,42,0.14999999999999997,200,-0.0002632148568853314,-0.17547657125688765,0.04049025883663388,0.93,0.1463259623168974,0.96,0.96,1.1827990210702468,0.002870217699267699,0.0019756062799179902,0.01804161855266871,9.792289928290791e-05,0.013856406460551024,0.013856406460551024,ppi,0.0,ols,
4,DGP4_delta_beta0.0_piL0.50_ols,0.5,,200,allunits_crossfit,2,SI,,,,,plugin,0.05,ATE,42,0.14999999999999997,200,0.0007381856867758276,0.4921237911838852,0.02619289467028526,0.955,0.09569853107801843,1.0,1.0,1.8284286298903325,0.0018560275474212172,0.0011249132366701108,0.014658615214269054,5.603026141072622e-05,0.0,0.0,si,0.0,ols,
4,DGP4_delta_beta0.2_piL0.05_gbt,0.05,,200,allunits_crossfit,6,AIPW,,,,,,0.05,ATE,42,0.21,200,-0.002410611549506189,-1.1479102616696137,0.10108261576786898,0.96,0.40913613002477367,0.5,0.5,1.7511352303555527,0.0071635187454379785,0.004930271398182128,0.013856406460551024,0.000987703807938087,0.035355339059327376,0.035355339059327376,aipw,0.2,gbt,
4,DGP4_delta_beta0.2_piL0.05_gbt,0.05,,200,allunits_crossfit,5,Composite Proxy,,,,,,0.05,ATE,42,0.21,200,-0.061269818206176954,-29.17610390770331,0.06447431222645007,0.17,0.08639693987316717,1.0,1.0,2.7454240849581706,0.0014229742968608454,0.0013474004620128834,0.02656124997058685,4.14444443838869e-05,0.0,0.0,cp,0.2,gbt,
4,DGP4_delta_beta0.2_piL0.05_gbt,0.05,,200,allunits_crossfit,0,Labeled-Only,,,,,,0.05,ATE,42,0.21,200,-0.007057129940688443,-3.3605380669944966,0.17700932964760907,0.96,0.680533854694679,0.24,0.24,1.0,0.012537882235498829,0.008010541263725949,0.013856406460551024,0.0015655130588315717,0.030199337741083,0.030199337741083,lo,0.2,gbt,
4,DGP4_delta_beta0.2_piL0.05_gbt,0.05,,200,allunits_crossfit,3,PPI++,exact,False,False,exact,,0.05,ATE,42,0.21,200,-0.002236383857001087,-1.0649446938100415,0.1013464014278896,0.97,0.40920954476206106,0.535,0.535,1.746577354042072,0.007182506550632923,0.0048537419724764596,0.012062338081814825,0.0010492571302565677,0.03526861210765175,0.03526861210765175,ppi,0.2,gbt,
4,DGP4_delta_beta0.2_piL0.05_gbt,0.05,,200,allunits_crossfit,2,SI,,,,,plugin,0.05,ATE,42,0.21,200,-0.05940741656966291,-28.28924598555377,0.06345829814493473,0.275,0.09576827078153805,1.0,1.0,2.7893803461815345,0.0015814795883258464,0.0014982843480624765,0.031573327350787724,5.413322847823677e-05,0.0,0.0,si,0.2,gbt,
4,DGP4_delta_beta0.2_piL0.05_ols,0.05,,200,allunits_crossfit,6,AIPW,,,,,,0.05,ATE,42,0.21,200,-0.002979839004105506,-1.4189709543359554,0.09189825993763798,0.96,0.3748420242945453,0.57,0.57,1.9261445185983646,0.006511069329568584,0.004205676954968853,0.013856406460551024,0.0007507841377225825,0.03500714212842859,0.03500714212842859,aipw,0.2,ols,
4,DGP4_delta_beta0.2_piL0.05_ols,0.05,,200,allunits_crossfit,5,Composite Proxy,,,,,,0.05,ATE,42,0.21,200,-0.061269818206176954,-29.17610390770331,0.06447431222645007,0.17,0.08639693987316717,1.0,1.0,2.7454240849581706,0.0014229742968608454,0.0013474004620128834,0.02656124997058685,4.14444443838869e-05,0.0,0.0,cp,0.2,ols,
4,DGP4_delta_beta0.2_piL0.05_ols,0.05,,200,allunits_crossfit,0,Labeled-Only,,,,,,0.05,ATE,42,0.21,200,-0.007057129940688443,-3.3605380669944966,0.17700932964760907,0.96,0.680533854694679,0.24,0.24,1.0,0.012537882235498829,0.008010541263725949,0.013856406460551024,0.0015655130588315717,0.030199337741083,0.030199337741083,lo,0.2,ols,
4,DGP4_delta_beta0.2_piL0.05_ols,0.05,,200,allunits_crossfit,3,PPI++,exact,False,False,exact,,0.05,ATE,42,0.21,200,-0.003344796784314687,-1.5927603734831843,0.0926682785474917,0.955,0.37739772753063966,0.57,0.57,1.9101393963727653,0.006564799607495157,0.004196970356792418,0.014658615214269054,0.0008553143889486423,0.03500714212842859,0.03500714212842859,ppi,0.2,ols,
4,DGP4_delta_beta0.2_piL0.05_ols,0.05,,200,allunits_crossfit,2,SI,,,,,plugin,0.05,ATE,42,0.21,200,-0.05940741656966291,-28.28924598555377,0.06345829814493473,0.275,0.09576827078153805,1.0,1.0,2.7893803461815345,0.0015814795883258464,0.0014982843480624765,0.031573327350787724,5.413322847823677e-05,0.0,0.0,si,0.2,ols,
4,DGP4_delta_beta0.2_piL0.20_gbt,0.2,,200,allunits_crossfit,6,AIPW,,,,,,0.05,ATE,42,0.21,200,-0.0002490999704513508,-0.1186190335482623,0.05594766929289478,0.945,0.22321505314355577,0.96,0.96,1.5651412392296158,0.003965985811857943,0.002876294157624249,0.016120638945153514,0.00018311103174531608,0.013856406460551024,0.013856406460551024,aipw,0.2,gbt,
4,DGP4_delta_beta0.2_piL0.20_gbt,0.2,,200,allunits_crossfit,5,Composite Proxy,,,,,,0.05,ATE,42,0.21,200,-0.061988556114529594,-29.5183600545379,0.06594584846117095,0.215,0.0864040695524883,1.0,1.0,1.3278471123265492,0.001595020265934386,0.0015350734708673669,0.029049526674285075,4.2884723629621256e-05,0.0,0.0,cp,0.2,gbt,
4,DGP4_delta_beta0.2_piL0.20_gbt,0.2,,200,allunits_crossfit,0,Labeled-Only,,,,,,0.05,ATE,42,0.21,200,-0.004641701870834091,-2.21033422420671,0.08756600444909006,0.955,0.3400121521080684,0.645,0.645,1.0,0.0061986624180922385,0.0041463113126011695,0.014658615214269054,0.0004090057177036112,0.033836001536824645,0.033836001536824645,lo,0.2,gbt,
4,DGP4_delta_beta0.2_piL0.20_gbt,0.2,,200,allunits_crossfit,3,PPI++,exact,False,False,exact,,0.05,ATE,42,0.21,200,-0.00044793402490183335,-0.21330191661992065,0.05560001639350464,0.955,0.22299768990258106,0.955,0.955,1.5749276732105384,0.003941252752186758,0.0028429805068009573,0.014658615214269054,0.00024217929057543226,0.014658615214269054,0.014658615214269054,ppi,0.2,gbt,
4,DGP4_delta_beta0.2_piL0.20_gbt,0.2,,200,allunits_crossfit,2,SI,,,,,plugin,0.05,ATE,42,0.21,200,-0.06040667215988499,-28.765081980897616,0.06528931261877556,0.315,0.0957719310506411,1.0,1.0,1.3411996686255245,0.0017561497126006183,0.001654114213188147,0.032846232660687286,5.3586851119444276e-05,0.0,0.0,si,0.2,gbt,
4,DGP4_delta_beta0.2_piL0.20_ols,0.2,,200,allunits_crossfit,6,AIPW,,,,,,0.05,ATE,42,0.21,200,-0.0009412070989463925,-0.4481938566411393,0.05474860619265714,0.935,0.21888171459081576,0.965,0.965,1.5994197941944024,0.0038804522409312658,0.003080160825690964,0.01743201078476031,0.00016581480949265565,0.012995191418367032,0.012995191418367032,aipw,0.2,ols,
4,DGP4_delta_beta0.2_piL0.20_ols,0.2,,200,allunits_crossfit,5,Composite Proxy,,,,,,0.05,ATE,42,0.21,200,-0.061988556114529594,-29.5183600545379,0.06594584846117095,0.215,0.0864040695524883,1.0,1.0,1.3278471123265492,0.001595020265934386,0.0015350734708673669,0.029049526674285075,4.2884723629621256e-05,0.0,0.0,cp,0.2,ols,
4,DGP4_delta_beta0.2_piL0.20_ols,0.2,,200,allunits_crossfit,0,Labeled-Only,,,,,,0.05,ATE,42,0.21,200,-0.004641701870834091,-2.21033422420671,0.08756600444909006,0.955,0.3400121521080684,0.645,0.645,1.0,0.0061986624180922385,0.0041463113126011695,0.014658615214269054,0.0004090057177036112,0.033836001536824645,0.033836001536824645,lo,0.2,ols,
4,DGP4_delta_beta0.2_piL0.20_ols,0.2,,200,allunits_crossfit,3,PPI++,exact,False,False,exact,,0.05,ATE,42,0.21,200,-0.00109345088112737,-0.5206908957749381,0.05465672915332298,0.935,0.2188017181345225,0.965,0.965,1.6021083918770556,0.0038737373737458137,0.0030863503533201057,0.01743201078476031,0.0002360738021272873,0.012995191418367032,0.012995191418367032,ppi,0.2,ols,
4,DGP4_delta_beta0.2_piL0.20_ols,0.2,,200,allunits_crossfit,2,SI,,,,,plugin,0.05,ATE,42,0.21,200,-0.06040667215988499,-28.765081980897616,0.06528931261877556,0.315,0.0957719310506411,1.0,1.0,1.3411996686255245,0.0017561497126006183,0.001654114213188147,0.032846232660687286,5.3586851119444276e-05,0.0,0.0,si,0.2,ols,
4,DGP4_delta_beta0.2_piL0.50_gbt,0.5,,200,allunits_crossfit,6,AIPW,,,,,,0.05,ATE,42,0.21,200,0.0005829113656205351,0.2775768407716834,0.04782261606670706,0.925,0.17191852756178094,0.995,0.995,1.2847724021337885,0.0033898035265721967,0.002478383569798668,0.01862458053218917,9.547690878023983e-05,0.004987484335815003,0.004987484335815003,aipw,0.2,gbt,
4,DGP4_delta_beta0.2_piL0.50_gbt,0.5,,200,allunits_crossfit,5,Composite Proxy,,,,,,0.05,ATE,42,0.21,200,-0.0629850720446235,-29.992891449820718,0.06749046200776035,0.2,0.08628396928992413,1.0,1.0,0.9103683023133012,0.0017187163048202369,0.0016759536209164081,0.028284271247461905,4.239223712206789e-05,0.0,0.0,cp,0.2,gbt,
4,DGP4_delta_beta0.2_piL0.50_gbt,0.5,,200,allunits_crossfit,0,Labeled-Only,,,,,,0.05,ATE,42,0.21,200,0.003731407260771988,1.7768606003676135,0.061441177320345146,0.915,0.21526548326881645,0.975,0.975,1.0,0.004347410059211857,0.003304469557743076,0.019719913792915014,0.00014917927785270885,0.011039701082909813,0.011039701082909813,lo,0.2,gbt,
4,DGP4_delta_beta0.2_piL0.50_gbt,0.5,,200,allunits_crossfit,3,PPI++,exact,False,False,exact,,0.05,ATE,42,0.21,200,0.0006355743206924168,0.30265443842496037,0.04790263260874792,0.93,0.17197985527684523,0.995,0.995,1.282626318728145,0.0033954286858156922,0.002477278491217981,0.01804161855266871,0.00013609274614096467,0.004987484335815003,0.004987484335815003,ppi,0.2,gbt,
4,DGP4_delta_beta0.2_piL0.50_gbt,0.5,,200,allunits_crossfit,2,SI,,,,,plugin,0.05,ATE,42,0.21,200,-0.060547659107724,-28.832218622725712,0.06615743973915936,0.29,0.09566179820173377,1.0,1.0,0.9287115336172449,0.0018899201139897558,0.0018068609146989374,0.03208582241426889,5.7062862164352874e-05,0.0,0.0,si,0.2,gbt,
4,DGP4_delta_beta0.2_piL0.50_ols,0.5,,200,allunits_crossfit,6,AIPW,,,,,,0.05,ATE,42,0.21,200,0.0008905999071968444,0.4240951939032593,0.047858756972735686,0.935,0.1712690852849719,0.995,0.995,1.2838021964370518,0.003392029862315127,0.002433949929729717,0.01743201078476031,9.390589957272325e-05,0.004987484335815003,0.004987484335815003,aipw,0.2,ols,
4,DGP4_delta_beta0.2_piL0.50_ols,0.5,,200,allunits_crossfit,5,Composite Proxy,,,,,,0.05,ATE,42,0.21,200,-0.0629850720446235,-29.992891449820718,0.06749046200776035,0.2,0.08628396928992413,1.0,1.0,0.9103683023133012,0.0017187163048202369,0.0016759536209164081,0.028284271247461905,4.239223712206789e-05,0.0,0.0,cp,0.2,ols,
4,DGP4_delta_beta0.2_piL0.50_ols,0.5,,200,allunits_crossfit,0,Labeled-Only,,,,,,0.05,ATE,42,0.21,200,0.003731407260771988,1.7768606003676135,0.061441177320345146,0.915,0.21526548326881645,0.975,0.975,1.0,0.004347410059211857,0.003304469557743076,0.019719913792915014,0.00014917927785270885,0.011039701082909813,0.011039701082909813,lo,0.2,ols,
4,DGP4_delta_beta0.2_piL0.50_ols,0.5,,200,allunits_crossfit,3,PPI++,exact,False,False,exact,,0.05,ATE,42,0.21,200,0.0009285205361824266,0.442152636277346,0.0478997992297156,0.935,0.1713237230551271,0.995,0.995,1.2827021889108228,0.0033948887207737657,0.0024274351365081008,0.01743201078476031,0.00013668307506206902,0.004987484335815003,0.004987484335815003,ppi,0.2,ols,
4,DGP4_delta_beta0.2_piL0.50_ols,0.5,,200,allunits_crossfit,2,SI,,,,,plugin,0.05,ATE,42,0.21,200,-0.060547659107724,-28.832218622725712,0.06615743973915936,0.29,0.09566179820173377,1.0,1.0,0.9287115336172449,0.0018899201139897558,0.0018068609146989374,0.03208582241426889,5.7062862164352874e-05,0.0,0.0,si,0.2,ols,
8,DGP8_piL0.05_gbt,0.05,,200,allunits_crossfit,6,AIPW,,,,,,0.05,ATE,42,0.1473,200,0.011151905815453264,7.5708797117809,0.09800003299073105,0.955,0.39863948721788955,0.34,0.34,1.3958128448954261,0.0069019120003547835,0.005160400559061793,0.014658615214269054,0.0009849926840332119,0.03349626844888845,0.03349626844888845,aipw,,gbt,
8,DGP8_piL0.05_gbt,0.05,,200,allunits_crossfit,5,Composite Proxy,,,,,,0.05,ATE,42,0.1473,200,0.0012481387857806922,0.8473447289753512,0.021177893568481716,0.96,0.08635386970260198,1.0,1.0,6.459079813878045,0.0014986515305087861,0.0009300430923219608,0.013856406460551024,4.127376551257286e-05,0.0,0.0,cp,,gbt,
8,DGP8_piL0.05_gbt,0.05,,200,allunits_crossfit,0,Labeled-Only,,,,,,0.05,ATE,42,0.1473,200,0.022201183178039114,15.072086339469868,0.13678970484863792,0.945,0.5527010535681547,0.215,0.215,1.0,0.009568197642240046,0.006657233333921154,0.016120638945153514,0.001331694120354551,0.029049526674285075,0.029049526674285075,lo,,gbt,
8,DGP8_piL0.05_gbt,0.05,,200,allunits_crossfit,3,PPI++,exact,False,False,exact,,0.05,ATE,42,0.1473,200,0.011722927095947452,7.958538422231808,0.09677983994442269,0.965,0.39629394917604105,0.355,0.355,1.4134111497517614,0.006810024535250178,0.005149853945872358,0.012995191418367032,0.0009634348624223702,0.033836001536824645,0.033836001536824645,ppi,,gbt,
8,DGP8_piL0.05_gbt,0.05,,200,allunits_crossfit,2,SI,,,,,plugin,0.05,ATE,42,0.1473,200,-0.0019186328052314375,-1.3025341515488376,0.026423509229101784,0.945,0.10098896015014397,1.0,1.0,5.176818251603889,0.0018681685441206293,0.0012554367553528649,0.016120638945153514,0.0002735261422962401,0.0,0.0,si,,gbt,
8,DGP8_piL0.05_ols,0.05,,200,allunits_crossfit,6,AIPW,,,,,,0.05,ATE,42,0.1473,200,0.012197958710295493,8.28103103210828,0.08393499317536336,0.965,0.3640540945008335,0.365,0.365,1.6297100848372799,0.005886827507560414,0.00459207351810922,0.012995191418367032,0.0008048543926700348,0.0340422531569225,0.0340422531569225,aipw,,ols,
8,DGP8_piL0.05_ols,0.05,,200,allunits_crossfit,5,Composite Proxy,,,,,,0.05,ATE,42,0.1473,200,0.0012481387857806922,0.8473447289753512,0.021177893568481716,0.96,0.08635386970260198,1.0,1.0,6.459079813878045,0.0014986515305087861,0.0009300430923219608,0.013856406460551024,4.127376551257286e-05,0.0,0.0,cp,,ols,
8,DGP8_piL0.05_ols,0.05,,200,allunits_crossfit,0,Labeled-Only,,,,,,0.05,ATE,42,0.1473,200,0.022201183178039114,15.072086339469868,0.13678970484863792,0.945,0.5527010535681547,0.215,0.215,1.0,0.009568197642240046,0.006657233333921154,0.016120638945153514,0.001331694120354551,0.029049526674285075,0.029049526674285075,lo,,ols,
8,DGP8_piL0.05_ols,0.05,,200,allunits_crossfit,3,PPI++,exact,False,False,exact,,0.05,ATE,42,0.1473,200,0.012288082513634358,8.34221487687329,0.08460077047437956,0.965,0.36596120687950773,0.375,0.375,1.616884859104956,0.005933591196520108,0.004497873221447606,0.012995191418367032,0.0008512692730094242,0.03423265984407288,0.03423265984407288,ppi,,ols,
8,DGP8_piL0.05_ols,0.05,,200,allunits_crossfit,2,SI,,,,,sandwich,0.05,ATE,42,0.1473,200,0.00040021605348489875,0.2717013261947717,0.024992477121636714,0.95,0.09951334080374546,1.0,1.0,5.473235173243996,0.001771442559792317,0.0013173588656330254,0.015411035007422448,0.00025760671182755606,0.0,0.0,si,,ols,
8,DGP8_piL0.20_gbt,0.2,,200,allunits_crossfit,6,AIPW,,,,,,0.05,ATE,42,0.1473,200,0.0020003402115869816,1.3580042169633277,0.05301383763027806,0.95,0.20463289514117097,0.795,0.795,1.286472058810058,0.0037553751221652758,0.002190329173909883,0.015411035007422448,0.00021577451006302799,0.028546015483776364,0.028546015483776364,aipw,,gbt,
8,DGP8_piL0.20_gbt,0.2,,200,allunits_crossfit,5,Composite Proxy,,,,,,0.05,ATE,42,0.1473,200,0.00017171042888064397,0.1165719137003693,0.024272890545401583,0.93,0.08633959229785139,1.0,1.0,2.8097527451079105,0.001720616535168067,0.001238442679048855,0.01804161855266871,3.9966225281243946e-05,0.0,0.0,cp,,gbt,
8,DGP8_piL0.20_gbt,0.2,,200,allunits_crossfit,0,Labeled-Only,,,,,,0.05,ATE,42,0.1473,200,-0.0001679865874622122,-0.11404384756429885,0.06820082084164594,0.975,0.2764754479926305,0.585,0.585,1.0,0.004834613340346555,0.0030247451744021365,0.011039701082909813,0.00031890234683888555,0.03484070894801081,0.03484070894801081,lo,,gbt,
8,DGP8_piL0.20_gbt,0.2,,200,allunits_crossfit,3,PPI++,exact,False,False,exact,,0.05,ATE,42,0.1473,200,0.0021417227060758315,1.4539869016129203,0.05285194557733503,0.955,0.20460436411404642,0.8,0.8,1.290412682005279,0.003743497662553972,0.0021734436324089552,0.014658615214269054,0.00022761077905981045,0.0282842712474619,0.0282842712474619,ppi,,gbt,
8,DGP8_piL0.20_gbt,0.2,,200,allunits_crossfit,2,SI,,,,,plugin,0.05,ATE,42,0.1473,200,-0.0016062081259014822,-1.090433215140178,0.027616707172653066,0.92,0.09708772327142848,1.0,1.0,2.4695493353089013,0.0019543825388399242,0.0012789584400477634,0.019183326093250873,0.00013915457177943744,0.0,0.0,si,,gbt,
8,DGP8_piL0.20_ols,0.2,,200,allunits_crossfit,6,AIPW,,,,,,0.05,ATE,42,0.1473,200,0.002196389333596868,1.4910993439218385,0.05256422220792035,0.96,0.20011827532030274,0.805,0.805,1.2974760773948917,0.003722924588080872,0.002125590453561966,0.013856406460551024,0.0001957905478812014,0.028015620642777128,0.028015620642777128,aipw,,ols,
8,DGP8_piL0.20_ols,0.2,,200,allunits_crossfit,5,Composite Proxy,,,,,,0.05,ATE,42,0.1473,200,0.00017171042888064397,0.1165719137003693,0.024272890545401583,0.93,0.08633959229785139,1.0,1.0,2.8097527451079105,0.001720616535168067,0.001238442679048855,0.01804161855266871,3.9966225281243946e-05,0.0,0.0,cp,,ols,
8,DGP8_piL0.20_ols,0.2,,200,allunits_crossfit,0,Labeled-Only,,,,,,0.05,ATE,42,0.1473,200,-0.0001679865874622122,-0.11404384756429885,0.06820082084164594,0.975,0.2764754479926305,0.585,0.585,1.0,0.004834613340346555,0.0030247451744021365,0.011039701082909813,0.00031890234683888555,0.03484070894801081,0.03484070894801081,lo,,ols,
8,DGP8_piL0.20_ols,0.2,,200,allunits_crossfit,3,PPI++,exact,False,False,exact,,0.05,ATE,42,0.1473,200,0.0024177206383572108,1.6413582066240402,0.05258227502138517,0.955,0.20019487606787562,0.8,0.8,1.297030621324557,0.0037235163807732437,0.002134381540759407,0.014658615214269054,0.00021386246098508793,0.0282842712474619,0.0282842712474619,ppi,,ols,
8,DGP8_piL0.20_ols,0.2,,200,allunits_crossfit,2,SI,,,,,sandwich,0.05,ATE,42,0.1473,200,-0.0002647124709490732,-0.1797097562451278,0.026521462155405517,0.93,0.09658053508460149,1.0,1.0,2.5715332149492927,0.0018799629555961265,0.0012254926960475103,0.01804161855266871,0.0001348972564423932,0.0,0.0,si,,ols,
8,DGP8_piL0.50_gbt,0.5,,200,allunits_crossfit,6,AIPW,,,,,,0.05,ATE,42,0.1473,200,-0.004162604756540062,-2.825936698262092,0.03860713541336079,0.915,0.14721547333902904,0.955,0.955,1.1882149674921973,0.0027208331070305656,0.001957651603906915,0.019719913792915014,8.355521217061606e-05,0.014658615214269054,0.014658615214269054,aipw,,gbt,
8,DGP8_piL0.50_gbt,0.5,,200,allunits_crossfit,5,Composite Proxy,,,,,,0.05,ATE,42,0.1473,200,-0.0011944559646244188,-0.810900179649979,0.02295056282564087,0.935,0.08635555339794611,1.0,1.0,1.9987996154457004,0.001624717383947069,0.0011287927433427207,0.01743201078476031,4.534574222554787e-05,0.0,0.0,cp,,gbt,
8,DGP8_piL0.50_gbt,0.5,,200,allunits_crossfit,0,Labeled-Only,,,,,,0.05,ATE,42,0.1473,200,-0.0028393965555160326,-1.9276283472613935,0.045873576150153354,0.935,0.17493083389681297,0.88,0.88,1.0,0.0032456564062697726,0.0021342037083473017,0.01743201078476031,0.0001179231181871494,0.022978250586152115,0.022978250586152115,lo,,gbt,
8,DGP8_piL0.50_gbt,0.5,,200,allunits_crossfit,3,PPI++,exact,False,False,exact,,0.05,ATE,42,0.1473,200,-0.0041605335519612294,-2.8245305851739513,0.038614773303259395,0.92,0.14725150442255702,0.955,0.955,1.1879799420260033,0.002721393632985472,0.001955430393362156,0.019183326093250873,0.00010084063401405738,0.014658615214269054,0.014658615214269054,ppi,,gbt,
8,DGP8_piL0.50_gbt,0.5,,200,allunits_crossfit,2,SI,,,,,plugin,0.05,ATE,42,0.1473,200,-0.0023965923565850457,-1.627014498699963,0.025814879274401032,0.935,0.09609220497374707,1.0,1.0,1.7770207508056508,0.0018220651172774498,0.0012334095225096293,0.01743201078476031,9.254136842647673e-05,0.0,0.0,si,,gbt,
8,DGP8_piL0.50_ols,0.5,,200,allunits_crossfit,6,AIPW,,,,,,0.05,ATE,42,0.1473,200,-0.0038257175796872463,-2.5972284994482324,0.03845586427644366,0.915,0.1464737554891083,0.955,0.955,1.1928889653964545,0.002712540560564427,0.0019590038735286344,0.019719913792915014,8.24634730408802e-05,0.014658615214269054,0.014658615214269054,aipw,,ols,
8,DGP8_piL0.50_ols,0.5,,200,allunits_crossfit,5,Composite Proxy,,,,,,0.05,ATE,42,0.1473,200,-0.0011944559646244188,-0.810900179649979,0.02295056282564087,0.935,0.08635555339794611,1.0,1.0,1.9987996154457004,0.001624717383947069,0.0011287927433427207,0.01743201078476031,4.534574222554787e-05,0.0,0.0,cp,,ols,
8,DGP8_piL0.50_ols,0.5,,200,allunits_crossfit,0,Labeled-Only,,,,,,0.05,ATE,42,0.1473,200,-0.0028393965555160326,-1.9276283472613935,0.045873576150153354,0.935,0.17493083389681297,0.88,0.88,1.0,0.0032456564062697726,0.0021342037083473017,0.01743201078476031,0.0001179231181871494,0.022978250586152115,0.022978250586152115,lo,,ols,
8,DGP8_piL0.50_ols,0.5,,200,allunits_crossfit,3,PPI++,exact,False,False,exact,,0.05,ATE,42,0.1473,200,-0.003855816105477337,-2.617661986067439,0.03845737610585688,0.915,0.14654052677331808,0.955,0.955,1.1928420707612193,0.0027124341078610193,0.0019588345737674728,0.019719913792915014,0.00010146423221644581,0.014658615214269054,0.014658615214269054,ppi,,ols,
8,DGP8_piL0.50_ols,0.5,,200,allunits_crossfit,2,SI,,,,,sandwich,0.05,ATE,42,0.1473,200,-0.0014732415297302357,-1.0001639713036226,0.025412033412084176,0.95,0.0959500686553994,1.0,1.0,1.8051910843285413,0.0017983814631760636,0.0011703524751923763,0.015411035007422448,9.21396103075005e-05,0.0,0.0,si,,ols,
