pi_L,method_id,method_name,true_tau,n_valid,bias,mc_se_bias,rmse,mc_se_rmse,variance,coverage,mc_se_coverage,rejection_rate,mc_se_rejection,relative_efficiency,ess_multiplier,surrogacy_test_rejection_rate,mc_se_surrogacy_test
0.05,0,Labeled-Only,0.004954571155268468,500,-3.030694559963583e-06,0.00013787013442853962,0.003079787004780357,9.292940063145415e-05,9.504086983671794e-06,0.964,0.008331146379700699,0.352,0.02135865164283551,1.0,1.0,0.094,0.013050976974924139
0.05,1,Naive Surrogate,0.004954571155268468,500,-0.0012159765509411526,3.025344428614629e-05,0.001391157484663417,2.633039894238609e-05,4.576354455874788e-07,0.118,0.014427473791346842,1.0,0.0,2.2138305969906025,4.901045912171767,0.094,0.013050976974924139
0.05,2,Surrogate Index,0.004954571155268468,500,-0.0012200733293180619,3.0112771480233242e-05,0.0013932198868152194,2.6310814102851386e-05,4.533895031103743e-07,0.558,0.022209727598509622,1.0,0.0,2.210553433758748,4.886546483502592,0.094,0.013050976974924139
0.05,3,PPI++,0.004954571155268468,500,-4.470090284041002e-06,0.0001327106068351562,0.002964533767697426,8.855209890574755e-05,8.806052583277705e-06,0.97,0.007628892449104264,0.366,0.021542701780417423,1.038877356817038,1.0792661625071551,0.094,0.013050976974924139
0.05,4,GREG,0.004954571155268468,500,-4.470090284041002e-06,0.0001327106068351562,0.002964533767697426,8.855209890574755e-05,8.806052583277705e-06,0.97,0.007628892449104264,0.366,0.021542701780417423,1.038877356817038,1.0792661625071551,0.094,0.013050976974924139
0.05,5,Composite Proxy,0.004954571155268468,500,-0.0012200733293180619,3.0112771480233242e-05,0.0013932198868152194,2.6310814102851386e-05,4.533895031103743e-07,0.558,0.022209727598509622,1.0,0.0,2.210553433758748,4.886546483502592,0.094,0.013050976974924139
0.05,9,PPI++ (alias),0.004954571155268468,500,-4.470090284041002e-06,0.0001327106068351562,0.002964533767697426,8.855209890574755e-05,8.806052583277705e-06,0.97,0.007628892449104264,0.366,0.021542701780417423,1.038877356817038,1.0792661625071551,0.094,0.013050976974924139
0.1,0,Labeled-Only,0.004954571155268468,500,7.3113139614122e-05,9.460084795206895e-05,0.0021144872729284086,7.062496571991322e-05,4.474660216625235e-06,0.966,0.008104813384649892,0.63,0.021591665058535898,1.0,1.0,0.11,0.013992855319769442
0.1,1,Naive Surrogate,0.004954571155268468,500,-0.001237011611610626,1.9644549168452226e-05,0.0013125417993204462,1.8497357069444056e-05,1.9295415601586853e-07,0.046,0.00936845771725528,1.0,0.0,1.610986616977197,2.595277880079634,0.11,0.013992855319769442
0.1,2,Surrogate Index,0.004954571155268468,500,-0.001241735787718098,1.9749210207006783e-05,0.0013177759244637742,1.869844757697617e-05,1.9501565190027049e-07,0.306,0.020608930103234373,1.0,0.0,1.604587876947919,2.57470225484823,0.11,0.013992855319769442
0.1,3,PPI++,0.004954571155268468,500,7.527906422665105e-05,9.343272957045414e-05,0.0020884862317115385,6.91043164956742e-05,4.364837477492808e-06,0.96,0.008763560920082661,0.632,0.021567382780485908,1.012449706788616,1.0250544087763545,0.11,0.013992855319769442
0.1,4,GREG,0.004954571155268468,500,7.527906422665105e-05,9.343272957045414e-05,0.0020884862317115385,6.91043164956742e-05,4.364837477492808e-06,0.96,0.008763560920082661,0.632,0.021567382780485908,1.012449706788616,1.0250544087763545,0.11,0.013992855319769442
0.1,5,Composite Proxy,0.004954571155268468,500,-0.001241735787718098,1.9749210207006783e-05,0.0013177759244637742,1.869844757697617e-05,1.9501565190027049e-07,0.306,0.020608930103234373,1.0,0.0,1.604587876947919,2.57470225484823,0.11,0.013992855319769442
0.1,9,PPI++ (alias),0.004954571155268468,500,7.527906422665105e-05,9.343272957045414e-05,0.0020884862317115385,6.91043164956742e-05,4.364837477492808e-06,0.96,0.008763560920082661,0.632,0.021567382780485908,1.012449706788616,1.0250544087763545,0.11,0.013992855319769442
0.2,0,Labeled-Only,0.004954571155268468,500,-6.784434083724564e-05,6.521983706902733e-05,0.001458479619703877,4.3516704079843854e-05,2.1268135736552356e-06,0.972,0.0073778045514909145,0.876,0.014739335127474372,1.0,1.0,0.114,0.014212951839783319
0.2,1,Naive Surrogate,0.004954571155268468,500,-0.0012322251780132643,1.2772795161727884e-05,0.0012648272186964141,1.2471899838354606e-05,8.157214812172962e-08,0.002,0.0019979989989987483,1.0,0.0,1.1531058140945523,1.3296530184986601,0.114,0.014212951839783319
0.2,2,Surrogate Index,0.004954571155268468,500,-0.0012338018386517922,1.2818117935335946e-05,0.0012665917837311395,1.2489195068645085e-05,8.215207370209053e-08,0.072,0.011559930795640603,1.0,0.0,1.1514993531755529,1.3259507603637166,0.114,0.014212951839783319
0.2,3,PPI++,0.004954571155268468,500,-8.149481303805235e-05,6.352479787480133e-05,0.001421374678655932,4.268426096945464e-05,2.017699972517182e-06,0.972,0.0073778045514909145,0.884,0.014320893826853127,1.026104968383869,1.052891406142061,0.114,0.014212951839783319
0.2,4,GREG,0.004954571155268468,500,-8.149481303805235e-05,6.352479787480133e-05,0.001421374678655932,4.268426096945464e-05,2.017699972517182e-06,0.972,0.0073778045514909145,0.884,0.014320893826853127,1.026104968383869,1.052891406142061,0.114,0.014212951839783319
0.2,5,Composite Proxy,0.004954571155268468,500,-0.0012338018386517922,1.2818117935335946e-05,0.0012665917837311395,1.2489195068645085e-05,8.215207370209053e-08,0.072,0.011559930795640603,1.0,0.0,1.1514993531755529,1.3259507603637166,0.114,0.014212951839783319
0.2,9,PPI++ (alias),0.004954571155268468,500,-8.149481303805235e-05,6.352479787480133e-05,0.001421374678655932,4.268426096945464e-05,2.017699972517182e-06,0.972,0.0073778045514909145,0.884,0.014320893826853127,1.026104968383869,1.052891406142061,0.114,0.014212951839783319
0.3,0,Labeled-Only,0.004954571155268468,500,-4.145326957645957e-05,5.0526382913555956e-05,0.0011294348778711815,3.464472231164763e-05,1.2764576851636395e-06,0.978,0.006559878047646925,0.98,0.006260990336999414,1.0,1.0,0.136,0.01532997064576446
0.3,1,Naive Surrogate,0.004954571155268468,500,-0.0012015939085588227,9.799672645137332e-06,0.0012213716385595513,9.58791794838583e-06,4.8016791975926456e-08,0.0,0.0,1.0,0.0,0.9247266288278994,0.8551193380634116,0.136,0.01532997064576446
0.3,2,Surrogate Index,0.004954571155268468,500,-0.0012051354915013635,9.789755443255674e-06,0.001224816463550344,9.5928716076708e-06,4.7919655819377064e-08,0.012,0.004869496893930624,1.0,0.0,0.9221258135258221,0.8503160159706593,0.136,0.01532997064576446
0.3,3,PPI++,0.004954571155268468,500,-4.5934736776932945e-05,4.966395187343028e-05,0.001110359198534546,3.398922962535149e-05,1.2332540578431995e-06,0.978,0.006559878047646925,0.984,0.00561141693336006,1.0171797372974543,1.034654617968518,0.136,0.01532997064576446
0.3,4,GREG,0.004954571155268468,500,-4.5934736776932945e-05,4.966395187343028e-05,0.001110359198534546,3.398922962535149e-05,1.2332540578431995e-06,0.978,0.006559878047646925,0.984,0.00561141693336006,1.0171797372974543,1.034654617968518,0.136,0.01532997064576446
0.3,5,Composite Proxy,0.004954571155268468,500,-0.0012051354915013635,9.789755443255674e-06,0.001224816463550344,9.5928716076708e-06,4.7919655819377064e-08,0.012,0.004869496893930624,1.0,0.0,0.9221258135258221,0.8503160159706593,0.136,0.01532997064576446
0.3,9,PPI++ (alias),0.004954571155268468,500,-4.5934736776932945e-05,4.966395187343028e-05,0.001110359198534546,3.398922962535149e-05,1.2332540578431995e-06,0.978,0.006559878047646925,0.984,0.00561141693336006,1.0171797372974543,1.034654617968518,0.136,0.01532997064576446
0.5,0,Labeled-Only,0.004954571155268468,500,-1.4609891188139407e-05,3.003545862335687e-05,0.0006711003706626195,2.0407888744193097e-05,4.510643873576915e-07,1.0,0.0,1.0,0.0,1.0,1.0,0.168,0.016719808611344807
0.5,1,Naive Surrogate,0.004954571155268468,500,-0.0012119315169640708,7.015520082431608e-06,0.001222021908683436,6.96318604367892e-06,2.4608761013500602e-08,0.0,0.0,1.0,0.0,0.5491721268611622,0.30159002492121245,0.168,0.016719808611344807
0.5,2,Surrogate Index,0.004954571155268468,500,-0.0012159067563556735,7.099888900870878e-06,0.001226206770056064,7.053402891792949e-06,2.5204211202354748e-08,0.0,0.0,1.0,0.0,0.5472978840525696,0.29953497388841993,0.168,0.016719808611344807
0.5,3,PPI++,0.004954571155268468,500,-2.536813543287976e-05,2.9813470454691565e-05,0.0006664654601336604,2.0453305392630223e-05,4.444215102763835e-07,1.0,0.0,1.0,0.0,1.0069544647190412,1.0139572940176107,0.168,0.016719808611344807
0.5,4,GREG,0.004954571155268468,500,-2.536813543287976e-05,2.9813470454691565e-05,0.0006664654601336604,2.0453305392630223e-05,4.444215102763835e-07,1.0,0.0,1.0,0.0,1.0069544647190412,1.0139572940176107,0.168,0.016719808611344807
0.5,5,Composite Proxy,0.004954571155268468,500,-0.0012159067563556735,7.099888900870878e-06,0.001226206770056064,7.053402891792949e-06,2.5204211202354748e-08,0.0,0.0,1.0,0.0,0.5472978840525696,0.29953497388841993,0.168,0.016719808611344807
0.5,9,PPI++ (alias),0.004954571155268468,500,-2.536813543287976e-05,2.9813470454691565e-05,0.0006664654601336604,2.0453305392630223e-05,4.444215102763835e-07,1.0,0.0,1.0,0.0,1.0069544647190412,1.0139572940176107,0.168,0.016719808611344807
