DGP,pi_L,c,true_tau,Bias,RMSE,Coverage,Mean_w,RE_vs_LO
DGP1,0.05,0.5,0.15,-0.00232,0.07685,0.945,0.542,1.838
DGP1,0.05,1.0,0.15,-0.00249,0.06782,0.948,0.652,2.083
DGP1,0.05,1.5,0.15,-0.00254,0.06164,0.949,0.714,2.292
DGP1,0.05,2.0,0.15,-0.00253,0.05702,0.953,0.755,2.477
DGP1,0.05,3.0,0.15,-0.00246,0.05045,0.953,0.808,2.8
DGP1,0.2,0.5,0.15,-0.00171,0.04252,0.959,0.546,1.66
DGP1,0.2,1.0,0.15,-0.0017,0.03864,0.953,0.658,1.827
DGP1,0.2,1.5,0.15,-0.00171,0.03614,0.952,0.72,1.953
DGP1,0.2,2.0,0.15,-0.00172,0.03435,0.954,0.761,2.055
DGP1,0.2,3.0,0.15,-0.00174,0.03195,0.954,0.813,2.209
DGP1,0.5,0.5,0.15,0.00022,0.03335,0.952,0.567,1.339
DGP1,0.5,1.0,0.15,0.00028,0.03145,0.952,0.673,1.42
DGP1,0.5,1.5,0.15,0.00031,0.03025,0.954,0.731,1.476
DGP1,0.5,2.0,0.15,0.00033,0.0294,0.955,0.77,1.519
DGP1,0.5,3.0,0.15,0.00034,0.02829,0.954,0.82,1.578
DGP2_rho0.0,0.05,0.5,0.15,0.00109,0.07879,0.942,0.527,1.793
DGP2_rho0.0,0.05,1.0,0.15,0.00088,0.06967,0.941,0.639,2.028
DGP2_rho0.0,0.05,1.5,0.15,0.00073,0.0634,0.944,0.702,2.228
DGP2_rho0.0,0.05,2.0,0.15,0.00061,0.05869,0.942,0.744,2.407
DGP2_rho0.0,0.05,3.0,0.15,0.00043,0.05195,0.945,0.798,2.719
DGP2_rho0.0,0.2,0.5,0.15,0.00031,0.04205,0.954,0.547,1.678
DGP2_rho0.0,0.2,1.0,0.15,0.00041,0.03826,0.955,0.659,1.844
DGP2_rho0.0,0.2,1.5,0.15,0.00045,0.03578,0.955,0.72,1.972
DGP2_rho0.0,0.2,2.0,0.15,0.00047,0.03401,0.948,0.761,2.075
DGP2_rho0.0,0.2,3.0,0.15,0.0005,0.03163,0.95,0.813,2.231
DGP2_rho0.0,0.5,0.5,0.15,8e-05,0.03395,0.939,0.549,1.316
DGP2_rho0.0,0.5,1.0,0.15,0.00018,0.03191,0.941,0.657,1.4
DGP2_rho0.0,0.5,1.5,0.15,0.00022,0.0306,0.941,0.718,1.459
DGP2_rho0.0,0.5,2.0,0.15,0.00024,0.02969,0.942,0.759,1.504
DGP2_rho0.0,0.5,3.0,0.15,0.00025,0.02847,0.941,0.811,1.568
DGP2_rho0.2,0.05,0.5,0.1875,-0.00915,0.0794,0.943,0.52,1.78
DGP2_rho0.2,0.05,1.0,0.1875,-0.01286,0.0719,0.936,0.631,1.965
DGP2_rho0.2,0.05,1.5,0.1875,-0.01546,0.06683,0.931,0.693,2.114
DGP2_rho0.2,0.05,2.0,0.1875,-0.01744,0.06309,0.923,0.735,2.24
DGP2_rho0.2,0.05,3.0,0.1875,-0.02033,0.05787,0.919,0.79,2.442
DGP2_rho0.2,0.2,0.5,0.1875,-0.00706,0.04501,0.961,0.447,1.567
DGP2_rho0.2,0.2,1.0,0.1875,-0.0112,0.0431,0.957,0.558,1.637
DGP2_rho0.2,0.2,1.5,0.1875,-0.0141,0.04192,0.952,0.624,1.683
DGP2_rho0.2,0.2,2.0,0.1875,-0.01631,0.04115,0.946,0.671,1.715
DGP2_rho0.2,0.2,3.0,0.1875,-0.01952,0.04025,0.933,0.733,1.753
DGP2_rho0.2,0.5,0.5,0.1875,-0.00476,0.03793,0.942,0.327,1.177
DGP2_rho0.2,0.5,1.0,0.1875,-0.00833,0.03766,0.935,0.436,1.185
DGP2_rho0.2,0.5,1.5,0.1875,-0.01097,0.03753,0.931,0.507,1.19
DGP2_rho0.2,0.5,2.0,0.1875,-0.01305,0.03748,0.926,0.558,1.191
DGP2_rho0.2,0.5,3.0,0.1875,-0.01618,0.03754,0.925,0.631,1.189
DGP2_rho0.4,0.05,0.5,0.25,-0.02025,0.08699,0.942,0.395,1.622
DGP2_rho0.4,0.05,1.0,0.25,-0.03034,0.08501,0.93,0.504,1.66
DGP2_rho0.4,0.05,1.5,0.25,-0.03759,0.08395,0.916,0.572,1.681
DGP2_rho0.4,0.05,2.0,0.25,-0.0432,0.08341,0.905,0.62,1.692
DGP2_rho0.4,0.05,3.0,0.25,-0.05152,0.08318,0.879,0.687,1.697
DGP2_rho0.4,0.2,0.5,0.25,-0.01035,0.05379,0.939,0.164,1.312
DGP2_rho0.4,0.2,1.0,0.25,-0.01709,0.05557,0.931,0.248,1.27
DGP2_rho0.4,0.2,1.5,0.25,-0.02252,0.05707,0.929,0.311,1.237
DGP2_rho0.4,0.2,2.0,0.25,-0.02707,0.05844,0.918,0.36,1.208
DGP2_rho0.4,0.2,3.0,0.25,-0.03443,0.0609,0.893,0.437,1.159
DGP2_rho0.4,0.5,0.5,0.25,-0.00315,0.03842,0.946,0.051,1.161
DGP2_rho0.4,0.5,1.0,0.25,-0.00679,0.03941,0.942,0.094,1.132
DGP2_rho0.4,0.5,1.5,0.25,-0.01008,0.04043,0.936,0.132,1.104
DGP2_rho0.4,0.5,2.0,0.25,-0.01308,0.04147,0.931,0.166,1.076
DGP2_rho0.4,0.5,3.0,0.25,-0.01839,0.04357,0.928,0.224,1.024
DGP9,0.05,0.5,0.41,-0.00827,0.09383,0.949,0.017,1.212
DGP9,0.05,1.0,0.41,-0.01606,0.0961,0.948,0.034,1.183
DGP9,0.05,1.5,0.41,-0.02357,0.09875,0.939,0.05,1.152
DGP9,0.05,2.0,0.41,-0.03082,0.10168,0.935,0.066,1.118
DGP9,0.05,3.0,0.41,-0.04459,0.10817,0.921,0.095,1.051
DGP9,0.2,0.5,0.41,-0.0032,0.04909,0.942,0.004,1.157
DGP9,0.2,1.0,0.41,-0.0052,0.04943,0.939,0.008,1.149
DGP9,0.2,1.5,0.41,-0.00717,0.04985,0.941,0.012,1.14
DGP9,0.2,2.0,0.41,-0.00914,0.05033,0.941,0.016,1.129
DGP9,0.2,3.0,0.41,-0.01301,0.05148,0.938,0.024,1.103
DGP9,0.5,0.5,0.41,-0.00039,0.03426,0.938,0.002,1.048
DGP9,0.5,1.0,0.41,-0.00119,0.03432,0.936,0.003,1.046
DGP9,0.5,1.5,0.41,-0.00199,0.03439,0.936,0.005,1.043
DGP9,0.5,2.0,0.41,-0.00278,0.03449,0.938,0.006,1.041
DGP9,0.5,3.0,0.41,-0.00436,0.03473,0.941,0.01,1.033
