key,value
cal.sig_S,2.5308409633607343
cal.sig_P,5.214289073417594
cal.sig_SP,6.827435947014187
cal.R_cal,600.0
rho_SP,0.5173657503362254
sig_D,4.465321335464943
minimax_by_c.0.5,13.1197492993304
minimax_by_c.1.0,9.866088052940265
minimax_by_c.1.5,7.879643621097417
minimax_by_c.1.6,7.66259668295864
minimax_by_c.1.7,8.097563420602295
minimax_by_c.2.0,9.397523119649382
minimax_by_c.3.0,13.825046631040674
c_star,1.5999999999999999
minimax_at_cstar,7.66259668295864
mc_check.0.0,13.2504082614382
mc_check.8.930642670929887,29.410128612730865
mc_check.17.861285341859773,30.035749050628475
theory_at_check.0.0,14.284799602922106
theory_at_check.8.930642670929887,32.060747094861675
theory_at_check.17.861285341859773,32.79973795401021
