c,h,theta,risk
0.5,0.0,0.0,19.52490528115509
0.5,0.44653213354649435,0.1,19.58426772601604
0.5,0.8930642670929887,0.2,19.760589864939362
0.5,1.3395964006394832,0.30000000000000004,20.04865730491065
0.5,1.7861285341859774,0.4,20.44004493720778
0.5,2.2326606677324716,0.5,20.923497813539164
0.5,2.6791928012789663,0.6000000000000001,21.485430913577236
0.5,3.1257249348254605,0.7000000000000001,22.110517535184325
0.5,3.572257068371955,0.8,22.78233160267633
0.5,4.018789201918449,0.9,23.484007349744466
0.5,4.465321335464943,1.0,24.19888062401779
0.5,4.9118534690114375,1.1,24.91107928306767
0.5,5.358385602557933,1.2000000000000002,25.606035412257683
0.5,5.804917736104427,1.3,26.27089884958965
0.5,6.251449869650921,1.4000000000000001,26.894839120117403
0.5,6.697982003197415,1.5,27.46923070889472
0.5,7.14451413674391,1.6,27.98772402339643
0.5,7.591046270290404,1.7,28.446210893691415
0.5,8.037578403836898,1.8,28.842698642708427
0.5,8.484110537383392,1.9,29.177110393848672
0.5,8.930642670929887,2.0,29.4510312894824
0.5,9.37717480447638,2.1,29.66742073615803
0.5,9.823706938022875,2.2,29.83030985452539
0.5,10.27023907156937,2.3,29.94450126399633
0.5,10.716771205115865,2.4000000000000004,30.01528549332535
0.5,11.16330333866236,2.5000000000000004,30.048185011246147
0.5,11.609835472208854,2.6,30.048733430530078
0.5,12.056367605755348,2.7,30.02229412611515
0.5,12.502899739301842,2.8000000000000003,29.97391953615922
0.5,12.949431872848336,2.9000000000000004,29.908249930291852
0.5,13.39596400639483,3.0,29.82944851175596
0.5,13.842496139941325,3.1,29.741168389111913
0.5,14.28902827348782,3.2,29.64654617873921
0.5,14.735560407034313,3.3000000000000003,29.548216715014007
0.5,15.182092540580808,3.4,29.44834346134829
0.5,15.628624674127302,3.5,29.348659632594128
0.5,16.075156807673796,3.6,29.25051565845911
0.5,16.52168894122029,3.7,29.154929347966636
0.5,16.968221074766785,3.8,29.062635880037135
0.5,17.41475320831328,3.9,28.974135485145318
0.5,17.861285341859773,4.0,28.889737355252343
0.5,18.307817475406267,4.1,28.809598897571295
0.5,18.75434960895276,4.2,28.733759919918917
0.5,19.200881742499256,4.3,28.662171700257858
0.5,19.64741387604575,4.4,28.594721157432467
0.5,20.093946009592244,4.5,28.531250516140265
0.5,20.54047814313874,4.6,28.471572961679566
0.5,20.987010276685233,4.7,28.4154848245389
0.5,21.43354241023173,4.800000000000001,28.36277483632894
0.5,21.880074543778225,4.9,28.31323097016051
0.5,22.32660667732472,5.000000000000001,28.266645331477278
0.5,22.773138810871213,5.1000000000000005,28.222817508400528
0.5,23.219670944417707,5.2,28.18155673046799
0.5,23.6662030779642,5.300000000000001,28.1426831259038
0.5,24.112735211510696,5.4,28.106028313241474
0.5,24.55926734505719,5.500000000000001,28.07143551492032
0.5,25.005799478603684,5.6000000000000005,28.03875933909212
0.5,25.45233161215018,5.7,28.007865341323118
0.5,25.898863745696673,5.800000000000001,27.97862944972661
0.5,26.345395879243167,5.9,27.95093731462884
0.5,26.79192801278966,6.0,27.924683626358387
0.5,27.238460146336156,6.1000000000000005,27.89977143134334
0.5,27.68499227988265,6.2,27.876111466634327
0.5,28.131524413429144,6.300000000000001,27.853621525560722
0.5,28.57805654697564,6.4,27.832225861883288
0.5,29.024588680522132,6.5,27.811854636041666
0.5,29.471120814068627,6.6000000000000005,27.792443404513712
0.5,29.91765294761512,6.7,27.77393265159432
0.5,30.364185081161615,6.8,27.7562673618218
0.5,30.81071721470811,6.9,27.739396630647448
0.5,31.257249348254604,7.0,27.723273310621163
0.5,31.703781481801098,7.1000000000000005,27.70785369025277
0.5,32.15031361534759,7.2,27.693097202732773
0.5,32.59684574889409,7.300000000000001,27.678966161805995
0.5,33.04337788244058,7.4,27.66542552225109
0.5,33.48991001598708,7.500000000000001,27.652442662604578
0.5,33.93644214953357,7.6,27.639987187962365
0.5,34.38297428308007,7.700000000000001,27.6280307508856
0.5,34.82950641662656,7.8,27.616546888623425
0.5,35.276038550173055,7.900000000000001,27.605510875040217
0.5,35.722570683719546,8.0,27.594899585796163
1.0,0.0,0.0,16.271244034764955
1.0,0.44653213354649435,0.1,16.351172128501013
1.0,0.8930642670929887,0.2,16.58883497948228
1.0,1.3395964006394832,0.30000000000000004,16.977956290113294
1.0,1.7861285341859774,0.4,17.508363839894823
1.0,2.2326606677324716,0.5,18.166404646334758
1.0,2.6791928012789663,0.6000000000000001,18.93549298237815
1.0,3.1257249348254605,0.7000000000000001,19.796760950305313
1.0,3.572257068371955,0.8,20.729776517863378
1.0,4.018789201918449,0.9,21.713291549437304
1.0,4.465321335464943,1.0,22.725982484731794
1.0,4.9118534690114375,1.1,23.747148799427446
1.0,5.358385602557933,1.2000000000000002,24.75733891598952
1.0,5.804917736104427,1.3,25.73887936476031
1.0,6.251449869650921,1.4000000000000001,26.676290177943827
1.0,6.697982003197415,1.5,27.55657714431498
1.0,7.14451413674391,1.6,28.369399086316236
1.0,7.591046270290404,1.7,29.107115230991933
1.0,8.037578403836898,1.8,29.764723618443647
1.0,8.484110537383392,1.9,30.33970603647436
1.0,8.930642670929887,2.0,30.83179803252021
1.0,9.37717480447638,2.1,31.242704109954175
1.0,9.823706938022875,2.2,31.575778358294535
1.0,10.27023907156937,2.3,31.835689682156946
1.0,10.716771205115865,2.4000000000000004,32.02808873328969
1.0,11.16330333866236,2.5000000000000004,32.15929089976578
1.0,11.609835472208854,2.6,32.235986558376474
1.0,12.056367605755348,2.7,32.26498652376297
1.0,12.502899739301842,2.8000000000000003,32.2530074664824
1.0,12.949431872848336,2.9000000000000004,32.20649920771743
1.0,13.39596400639483,3.0,32.13151336070709
1.0,13.842496139941325,3.1,32.033610852717864
1.0,14.28902827348782,3.2,31.917804450490785
1.0,14.735560407034313,3.3000000000000003,31.788531508410717
1.0,15.182092540580808,3.4,31.64965171200254
1.0,15.628624674127302,3.5,31.504464528426418
1.0,16.075156807673796,3.6,31.355741318080824
1.0,16.52168894122029,3.7,31.205767522712918
1.0,16.968221074766785,3.8,31.056390945838885
1.0,17.41475320831328,3.9,30.909072810726403
1.0,17.861285341859773,4.0,30.764938962194
1.0,18.307817475406267,4.1,30.624829227258324
1.0,18.75434960895276,4.2,30.489343535868457
1.0,19.200881742499256,4.3,30.358883908410245
1.0,19.64741387604575,4.4,30.233691833361217
1.0,20.093946009592244,4.5,30.113880886445568
1.0,20.54047814313874,4.6,29.999464687653003
1.0,20.987010276685233,4.7,29.890380464025412
1.0,21.43354241023173,4.800000000000001,29.786508595613505
1.0,21.880074543778225,4.9,29.687688581462417
1.0,22.32660667732472,5.000000000000001,29.593731883456606
1.0,22.773138810871213,5.1000000000000005,29.504432098781827
1.0,23.219670944417707,5.2,29.41957288559829
1.0,23.6662030779642,5.300000000000001,29.338934028582607
1.0,24.112735211510696,5.4,29.262295986997785
1.0,24.55926734505719,5.500000000000001,29.189443222128304
1.0,25.005799478603684,5.6000000000000005,29.120166556239003
1.0,25.45233161215018,5.7,29.054264773604842
1.0,25.898863745696673,5.800000000000001,28.99154563671869
1.0,26.345395879243167,5.9,28.93182645800863
1.0,26.79192801278966,6.0,28.874934339346808
1.0,27.238460146336156,6.1000000000000005,28.820706168083404
1.0,27.68499227988265,6.2,28.768988438896653
1.0,28.131524413429144,6.300000000000001,28.71963695493112
1.0,28.57805654697564,6.4,28.672516448994887
1.0,29.024588680522132,6.5,28.627500155508876
1.0,29.471120814068627,6.6000000000000005,28.58446935599411
1.0,29.91765294761512,6.7,28.543312914741783
1.0,30.364185081161615,6.8,28.50392681658951
1.0,30.81071721470811,6.9,28.46621371513211
1.0,31.257249348254604,7.0,28.43008249698491
1.0,31.703781481801098,7.1000000000000005,28.395447865695928
1.0,32.15031361534759,7.2,28.362229947412114
1.0,32.59684574889409,7.300000000000001,28.33035391931984
1.0,33.04337788244058,7.4,28.299749661103114
1.0,33.48991001598708,7.500000000000001,28.27035142911776
1.0,33.93644214953357,7.6,28.24209755260885
1.0,34.38297428308007,7.700000000000001,28.21493015105517
1.0,34.82950641662656,7.8,28.18879487157617
1.0,35.276038550173055,7.900000000000001,28.16364064525641
1.0,35.722570683719546,8.0,28.139419461211464
1.5,0.0,0.0,14.284799602922106
1.5,0.44653213354649435,0.1,14.376767181908415
1.5,0.8930642670929887,0.2,14.650429347661866
1.5,1.3395964006394832,0.30000000000000004,15.099150288773622
1.5,1.7861285341859774,0.4,15.712152083068567
1.5,2.2326606677324716,0.5,16.474921637387528
1.5,2.6791928012789663,0.6000000000000001,17.36975009854782
1.5,3.1257249348254605,0.7000000000000001,18.376376917062885
1.5,3.572257068371955,0.8,19.472706114645813
1.5,4.018789201918449,0.9,20.635559779418585
1.5,4.465321335464943,1.0,21.841433476619
1.5,4.9118534690114375,1.1,23.067220037170774
1.5,5.358385602557933,1.2000000000000002,24.29087183833638
1.5,5.804917736104427,1.3,25.49197686088244
1.5,6.251449869650921,1.4000000000000001,26.652230048569425
1.5,6.697982003197415,1.5,27.755788315482032
1.5,7.14451413674391,1.6,28.789504449680454
1.5,7.591046270290404,1.7,29.743041690653193
1.5,8.037578403836898,1.8,30.60887652682323
1.5,8.484110537383392,1.9,31.382201976272064
1.5,8.930642670929887,2.0,32.060747094861675
1.5,9.37717480447638,2.1,32.644530626778405
1.5,9.823706938022875,2.2,33.13556760114228
1.5,10.27023907156937,2.3,33.53754739951477
1.5,10.716771205115865,2.4000000000000004,33.855500553816185
1.5,11.16330333866236,2.5000000000000004,34.095469505931355
1.5,11.609835472208854,2.6,34.26419601183776
1.5,12.056367605755348,2.7,34.368835044665246
1.5,12.502899739301842,2.8000000000000003,34.41670216257979
1.5,12.949431872848336,2.9000000000000004,34.415058545122974
1.5,13.39596400639483,3.0,34.37093541032155
1.5,13.842496139941325,3.1,34.29099740431361
1.5,14.28902827348782,3.2,34.18144286138799
1.5,14.735560407034313,3.3000000000000003,34.04793758175539
1.5,15.182092540580808,3.4,33.89557795091112
1.5,15.628624674127302,3.5,33.72887878722737
1.5,16.075156807673796,3.6,33.55178119605404
1.5,16.52168894122029,3.7,33.36767586301263
1.5,16.968221074766785,3.8,33.179437568219015
1.5,17.41475320831328,3.9,32.98946718204469
1.5,17.861285341859773,4.0,32.79973795401021
1.5,18.307817475406267,4.1,32.61184348122101
1.5,18.75434960895276,4.2,32.42704530360028
1.5,19.200881742499256,4.3,32.24631859267323
1.5,19.64741387604575,4.4,32.07039486106275
1.5,20.093946009592244,4.5,31.899801011705172
1.5,20.54047814313874,4.6,31.734894366327712
1.5,20.987010276685233,4.7,31.5758935642323
1.5,21.43354241023173,4.800000000000001,31.42290541067498
1.5,21.880074543778225,4.9,31.27594788700007
1.5,22.32660667732472,5.000000000000001,31.13496962104891
1.5,22.773138810871213,5.1000000000000005,30.999866165198867
1.5,23.219670944417707,5.2,30.870493449184014
1.5,23.6662030779642,5.300000000000001,30.746678773198703
1.5,24.112735211510696,5.4,30.628229690185208
1.5,24.55926734505719,5.500000000000001,30.514941099987063
1.5,25.005799478603684,5.6000000000000005,30.406600846411106
1.5,25.45233161215018,5.7,30.302994074357574
1.5,25.898863745696673,5.800000000000001,30.203906570332432
1.5,26.345395879243167,5.9,30.109127277397093
1.5,26.79192801278966,6.0,30.018450145899997
1.5,27.238460146336156,6.1000000000000005,29.93167545468688
1.5,27.68499227988265,6.2,29.84861071409039
1.5,28.131524413429144,6.300000000000001,29.769071241817272
1.5,28.57805654697564,6.4,29.692880485697284
1.5,29.024588680522132,6.5,29.61987015286281
1.5,29.471120814068627,6.6000000000000005,29.54988019297919
1.5,29.91765294761512,6.7,29.482758673322962
1.5,30.364185081161615,6.8,29.418361575497503
1.5,30.81071721470811,6.9,29.356552537096984
1.5,31.257249348254604,7.0,29.297202556422445
1.5,31.703781481801098,7.1000000000000005,29.240189674194717
1.5,32.15031361534759,7.2,29.18539864290535
1.5,32.59684574889409,7.300000000000001,29.132720591836062
1.5,33.04337788244058,7.4,29.082052693725355
1.5,33.48991001598708,7.500000000000001,29.033297837455862
1.5,33.93644214953357,7.6,28.986364309887122
1.5,34.38297428308007,7.700000000000001,28.941165488992368
1.5,34.82950641662656,7.8,28.897619549715174
1.5,35.276038550173055,7.900000000000001,28.855649183394647
1.5,35.722570683719546,8.0,28.815181331179097
1.6,0.0,0.0,13.973829532658463
1.6,0.44653213354649435,0.1,14.06768496282136
1.6,0.8930642670929887,0.2,14.346999196569453
1.6,1.3395964006394832,0.30000000000000004,14.80510120500336
1.6,1.7861285341859774,0.4,15.431151931631197
1.6,2.2326606677324716,0.5,16.21054790636735
1.6,2.6791928012789663,0.6000000000000001,17.12545662845907
1.6,3.1257249348254605,0.7000000000000001,18.155456448348104
1.6,3.572257068371955,0.8,19.2782491007712
1.6,4.018789201918449,0.9,20.470410505326573
1.6,4.465321335464943,1.0,21.708145045463134
1.6,4.9118534690114375,1.1,22.96801018998352
1.6,5.358385602557933,1.2000000000000002,24.22758181228696
1.6,5.804917736104427,1.3,25.466035549360143
1.6,6.251449869650921,1.4000000000000001,26.664625595970048
1.6,6.697982003197415,1.5,27.807048974602118
1.6,7.14451413674391,1.6,28.879690078973457
1.6,7.591046270290404,1.7,29.87174671313739
1.6,8.037578403836898,1.8,30.775244560288286
1.6,8.484110537383392,1.9,31.584951725972466
1.6,8.930642670929887,2.0,32.298208522843055
1.6,9.37717480447638,2.1,32.91468991729094
1.6,9.823706938022875,2.2,33.43611906027334
1.6,10.27023907156937,2.3,33.86595017848859
1.6,10.716771205115865,2.4000000000000004,34.20903797635837
1.6,11.16330333866236,2.5000000000000004,34.47130880610978
1.6,11.609835472208854,2.6,34.659446435430155
1.6,12.056367605755348,2.7,34.78060251246285
1.6,12.502899739301842,2.8000000000000003,34.842139011506305
1.6,12.949431872848336,2.9000000000000004,34.85140722412075
1.6,13.39596400639483,3.0,34.815565384792826
1.6,13.842496139941325,3.1,34.74143489045036
1.6,14.28902827348782,3.2,34.635393349253675
1.6,14.735560407034313,3.3000000000000003,34.50330139801109
1.6,15.182092540580808,3.4,34.3504593486778
1.6,15.628624674127302,3.5,34.181589227160146
1.6,16.075156807673796,3.6,34.000837599416066
1.6,16.52168894122029,3.7,33.81179467836277
1.6,16.968221074766785,3.8,33.61752550506796
1.6,17.41475320831328,3.9,33.42060943606479
1.6,17.861285341859773,4.0,33.223184688480615
1.6,18.307817475406267,4.1,33.02699524771078
1.6,18.75434960895276,4.2,32.83343799013315
1.6,19.200881742499256,4.3,32.64360838736923
1.6,19.64741387604575,4.4,32.45834361973482
1.6,20.093946009592244,4.5,32.278262323865114
1.6,20.54047814313874,4.6,32.10380052886006
1.6,20.987010276685233,4.7,31.93524359766632
1.6,21.43354241023173,4.800000000000001,31.772754190463417
1.6,21.880074543778225,4.9,31.616396411552337
1.6,22.32660667732472,5.000000000000001,31.46615639886679
1.6,22.773138810871213,5.1000000000000005,31.321959674277068
1.6,23.219670944417707,5.2,31.18368560155601
1.6,23.6662030779642,5.300000000000001,31.051179304709382
1.6,24.112735211510696,5.4,30.924261388837014
1.6,24.55926734505719,5.500000000000001,30.80273578420266
1.6,25.005799478603684,5.6000000000000005,30.68639600608779
1.6,25.45233161215018,5.7,30.57503009162674
1.6,25.898863745696673,5.800000000000001,30.46842444262632
1.6,26.345395879243167,5.9,30.36636677207953
1.6,26.79192801278966,6.0,30.268648322807955
1.6,27.238460146336156,6.1000000000000005,30.17506550006278
1.6,27.68499227988265,6.2,30.085421036283513
1.6,28.131524413429144,6.300000000000001,29.999524785612444
1.6,28.57805654697564,6.4,29.917194228080245
1.6,29.024588680522132,6.5,29.83825474840014
1.6,29.471120814068627,6.6000000000000005,29.762539741763103
1.6,29.91765294761512,6.7,29.689890588622497
1.6,30.364185081161615,6.8,29.620156531901436
1.6,30.81071721470811,6.9,29.553194483074066
1.6,31.257249348254604,7.0,29.488868777911655
1.6,31.703781481801098,7.1000000000000005,29.427050898123063
1.6,32.15031361534759,7.2,29.36761917146284
1.6,32.59684574889409,7.300000000000001,29.310458459964305
1.6,33.04337788244058,7.4,29.255459843640182
1.6,33.48991001598708,7.500000000000001,29.202520305164036
1.6,33.93644214953357,7.6,29.15154241960652
1.6,34.38297428308007,7.700000000000001,29.102434052173674
1.6,34.82950641662656,7.8,29.055108066016402
1.6,35.276038550173055,7.900000000000001,29.009482041499943
1.6,35.722570683719546,8.0,28.96547800779868
1.7,0.0,0.0,13.684349299579605
1.7,0.44653213354649435,0.1,13.77996945493869
1.7,0.8930642670929887,0.2,14.064569028523474
1.7,1.3395964006394832,0.30000000000000004,14.5314496666854
1.7,1.7861285341859774,0.4,15.169724143934587
1.7,2.2326606677324716,0.5,15.96471636567562
1.7,2.6791928012789663,0.6000000000000001,16.89849232138786
1.7,3.1257249348254605,0.7000000000000001,17.95049526716497
1.7,3.572257068371955,0.8,19.09825389492711
1.7,4.018789201918449,0.9,20.318129705378553
1.7,4.465321335464943,1.0,21.586069333379083
1.7,4.9118534690114375,1.1,22.878329112690963
1.7,5.358385602557933,1.2000000000000002,24.172142503904087
1.7,5.804917736104427,1.3,25.446305818128018
1.7,6.251449869650921,1.4000000000000001,26.68166353822729
1.7,6.697982003197415,1.5,27.86148101117851
1.7,7.14451413674391,1.6,28.971698895362263
1.7,7.591046270290404,1.7,30.001070061842437
1.7,8.037578403836898,1.8,30.94118529744847
1.7,8.484110537383392,1.9,31.78639885310073
1.7,8.930642670929887,2.0,32.533668434724134
1.7,9.37717480447638,2.1,33.18232655924598
1.7,9.823706938022875,2.2,33.733801303550095
1.7,10.27023907156937,2.3,34.19130445194228
1.7,10.716771205115865,2.4000000000000004,34.559504054690784
1.7,11.16330333866236,2.5000000000000004,34.84419664744166
1.7,11.609835472208854,2.6,35.051992071941086
1.7,12.056367605755348,2.7,35.19002120779287
1.7,12.502899739301842,2.8000000000000003,35.26567418318333
1.7,12.949431872848336,2.9000000000000004,35.286373961764404
1.7,13.39596400639483,3.0,35.259387748718595
1.7,13.842496139941325,3.1,35.19167652625305
1.7,14.28902827348782,3.2,35.08978128146762
1.7,14.735560407034313,3.3000000000000003,34.959743154256884
1.7,15.182092540580808,3.4,34.80705380420413
1.7,15.628624674127302,3.5,34.63663174282672
1.7,16.075156807673796,3.6,34.45282015296039
1.7,16.52168894122029,3.7,34.25940176206055
1.7,16.968221074766785,3.8,34.05962658831088
1.7,17.41475320831328,3.9,33.85624877651101
1.7,17.861285341859773,4.0,33.65156922883215
1.7,18.307817475406267,4.1,33.44748126556763
1.7,18.75434960895276,4.2,33.24551708404031
1.7,19.200881742499256,4.3,33.04689329046717
1.7,19.64741387604575,4.4,32.85255423950643
1.7,20.093946009592244,4.5,32.66321231717312
1.7,20.54047814313874,4.6,32.479384639291965
1.7,20.987010276685233,4.7,32.301425909423266
1.7,21.43354241023173,4.800000000000001,32.12955739084633
1.7,21.880074543778225,4.9,31.963892102842472
1.7,22.32660667732472,5.000000000000001,31.80445645972585
1.7,22.773138810871213,5.1000000000000005,31.65120863988966
1.7,23.219670944417707,5.2,31.504054009492375
1.7,23.6662030779642,5.300000000000001,31.362857938636452
1.7,24.112735211510696,5.4,31.227456343454325
1.7,24.55926734505719,5.500000000000001,31.097664270879093
1.7,25.005799478603684,5.6000000000000005,30.973282818486805
1.7,25.45233161215018,5.7,30.854104653132236
1.7,25.898863745696673,5.800000000000001,30.73991836177467
1.7,26.345395879243167,5.9,30.630511837776346
1.7,26.79192801278966,6.0,30.525674877318576
1.7,27.238460146336156,6.1000000000000005,30.425201134199746
1.7,27.68499227988265,6.2,30.328889557572776
1.7,28.131524413429144,6.300000000000001,30.236545416294774
1.7,28.57805654697564,6.4,30.147980995462554
1.7,29.024588680522132,6.5,30.063016035237553
1.7,29.471120814068627,6.6000000000000005,29.981477968994486
1.7,29.91765294761512,6.7,29.903202006898574
1.7,30.364185081161615,6.8,29.828031101955197
1.7,30.81071721470811,6.9,29.755815828121122
1.7,31.257249348254604,7.0,29.68641419397446
1.7,31.703781481801098,7.1000000000000005,29.61969141049113
1.7,32.15031361534759,7.2,29.555519627476258
1.7,32.59684574889409,7.300000000000001,29.49377764998224
1.7,33.04337788244058,7.4,29.43435064346967
1.7,33.48991001598708,7.500000000000001,29.377129834413676
1.7,33.93644214953357,7.6,29.32201221142704
1.7,34.38297428308007,7.700000000000001,29.268900230681425
1.7,34.82950641662656,7.8,29.21770152839155
1.7,35.276038550173055,7.900000000000001,29.168328642330394
1.7,35.722570683719546,8.0,29.120698743721572
2.0,0.0,0.0,12.924252283187984
2.0,0.44653213354649435,0.1,13.024561083645256
2.0,0.8930642670929887,0.2,13.323212336126529
2.0,1.3395964006394832,0.30000000000000004,13.813462254816727
2.0,1.7861285341859774,0.4,14.484339300940347
2.0,2.2326606677324716,0.5,15.321032260772713
2.0,2.6791928012789663,0.6000000000000001,16.30540633701594
2.0,3.1257249348254605,0.7000000000000001,17.41662214988994
2.0,3.572257068371955,0.8,18.63182820266569
2.0,4.018789201918449,0.9,19.92689483592391
2.0,4.465321335464943,1.0,21.27715706819827
2.0,4.9118534690114375,1.1,22.65813495133282
2.0,5.358385602557933,1.2000000000000002,24.046202981252595
2.0,5.804917736104427,1.3,25.419184414900975
2.0,6.251449869650921,1.4000000000000001,26.756851688110398
2.0,6.697982003197415,1.5,28.04132009730189
2.0,7.14451413674391,1.6,29.257328079245344
2.0,7.591046270290404,1.7,30.392403398844422
2.0,8.037578403836898,1.8,31.4369199867394
2.0,8.484110537383392,1.9,32.38405478016483
2.0,8.930642670929887,2.0,33.22965752103336
2.0,9.37717480447638,2.1,33.97204895391021
2.0,9.823706938022875,2.2,34.611764229716684
2.0,10.27023907156937,2.3,35.15125862215918
2.0,10.716771205115865,2.4000000000000004,35.594592028832544
2.0,11.16330333866236,2.5000000000000004,35.9471073279215
2.0,11.609835472208854,2.6,36.21511569016246
2.0,12.056367605755348,2.7,36.40559960736529
2.0,12.502899739301842,2.8000000000000003,36.525941887987486
2.0,12.949431872848336,2.9000000000000004,36.58368636055843
2.0,13.39596400639483,3.0,36.58633366081149
2.0,13.842496139941325,3.1,36.541173366996595
2.0,14.28902827348782,3.2,36.45515196265929
2.0,14.735560407034313,3.3000000000000003,36.33477468540759
2.0,15.182092540580808,3.4,36.18603827169729
2.0,15.628624674127302,3.5,36.01439091449715
2.0,16.075156807673796,3.6,35.82471537739145
2.0,16.52168894122029,3.7,35.62133110765511
2.0,16.968221074766785,3.8,35.40801130826536
2.0,17.41475320831328,3.9,35.188011209669995
2.0,17.861285341859773,4.0,34.96410417415902
2.0,18.307817475406267,4.1,34.73862272223983
2.0,18.75434960895276,4.2,34.51350205220204
2.0,19.200881742499256,4.3,34.2903240999123
2.0,19.64741387604575,4.4,34.070360632764846
2.0,20.093946009592244,4.5,33.854614274132615
2.0,20.54047814313874,4.6,33.643856703689316
2.0,20.987010276685233,4.7,33.43866357107099
2.0,21.43354241023173,4.800000000000001,33.2394458961408
2.0,21.880074543778225,4.9,33.046477912214115
2.0,22.32660667732472,5.000000000000001,32.85992144451018
2.0,22.773138810871213,5.1000000000000005,32.679847011375095
2.0,23.219670944417707,5.2,32.506251897354915
2.0,23.6662030779642,5.300000000000001,32.339075481694486
2.0,24.112735211510696,5.4,32.17821211947539
2.0,24.55926734505719,5.500000000000001,32.02352187082522
2.0,25.005799478603684,5.6000000000000005,31.874839361039893
2.0,25.45233161215018,5.7,31.731981034826447
2.0,25.898863745696673,5.800000000000001,31.594751044162013
2.0,26.345395879243167,5.9,31.46294598373104
2.0,26.79192801278966,6.0,31.336358662184658
2.0,27.238460146336156,6.1000000000000005,31.2147810726971
2.0,27.68499227988265,6.2,31.098006703200376
2.0,28.131524413429144,6.300000000000001,30.985832305676638
2.0,28.57805654697564,6.4,30.878059225161376
2.0,29.024588680522132,6.5,30.774494372681488
2.0,29.471120814068627,6.6000000000000005,30.674950912129578
2.0,29.91765294761512,6.7,30.579248718902818
2.0,30.364185081161615,6.8,30.487214657814807
2.0,30.81071721470811,6.9,30.398682719112415
2.0,31.257249348254604,7.0,30.31349404418667
2.0,31.703781481801098,7.1000000000000005,30.23149686655697
2.0,32.15031361534759,7.2,30.152546388749066
2.0,32.59684574889409,7.300000000000001,30.076504611613757
2.0,33.04337788244058,7.4,30.003240129301624
2.0,33.48991001598708,7.500000000000001,29.932627900393918
2.0,33.93644214953357,7.6,29.864549003484502
2.0,34.38297428308007,7.700000000000001,29.798890383722433
2.0,34.82950641662656,7.8,29.735544595383267
2.0,35.276038550173055,7.900000000000001,29.674409544377088
2.0,35.722570683719546,8.0,29.615388233670476
3.0,0.0,0.0,11.171710823409672
3.0,0.44653213354649435,0.1,11.283474956253098
3.0,0.8930642670929887,0.2,11.616516371639168
3.0,1.3395964006394832,0.30000000000000004,12.16415451192798
3.0,1.7861285341859774,0.4,12.915493131783176
3.0,2.2326606677324716,0.5,13.8557660095821
3.0,2.6791928012789663,0.6000000000000001,14.96679900282352
3.0,3.1257249348254605,0.7000000000000001,16.22756806256735
3.0,3.572257068371955,0.8,17.614829091860358
3.0,4.018789201918449,0.9,19.10379316171609
3.0,4.465321335464943,1.0,20.668819675041586
3.0,4.9118534690114375,1.1,22.284100585555777
3.0,5.358385602557933,1.2000000000000002,23.924310633856077
3.0,5.804917736104427,1.3,25.565201574027444
3.0,6.251449869650921,1.4000000000000001,27.18412228599547
3.0,6.697982003197415,1.5,28.760451214007336
3.0,7.14451413674391,1.6,30.275932434689903
3.0,7.591046270290404,1.7,31.714911538274478
3.0,8.037578403836898,1.8,33.06447212837008
3.0,8.484110537383392,1.9,34.31447787595873
3.0,8.930642670929887,2.0,35.457528523204346
3.0,9.37717480447638,2.1,36.48884090424268
3.0,9.823706938022875,2.2,37.406067877565775
3.0,10.27023907156937,2.3,38.20906905075358
3.0,10.716771205115865,2.4000000000000004,38.89964737704427
3.0,11.16330333866236,2.5000000000000004,39.48126520919059
3.0,11.609835472208854,2.6,39.958752332572125
3.0,12.056367605755348,2.7,40.338017006303616
3.0,12.502899739301842,2.8000000000000003,40.62576926235716
3.0,12.949431872848336,2.9000000000000004,40.82926378707155
3.0,13.39596400639483,3.0,40.95606776153859
3.0,13.842496139941325,3.1,41.01385717220278
3.0,14.28902827348782,3.2,41.01024340244702
3.0,14.735560407034313,3.3000000000000003,40.95263043756874
3.0,15.182092540580808,3.4,40.84810179353203
3.0,15.628624674127302,3.5,40.703335327204115
3.0,16.075156807673796,3.6,40.52454339762363
3.0,16.52168894122029,3.7,40.31743540545009
3.0,16.968221074766785,3.8,40.08719951250053
3.0,17.41475320831328,3.9,39.8385003005867
3.0,17.861285341859773,4.0,39.57548923157561
3.0,18.307817475406267,4.1,39.30182498184597
3.0,18.75434960895276,4.2,39.02070100971282
3.0,19.200881742499256,4.3,38.734878043513184
3.0,19.64741387604575,4.4,38.446719525305795
3.0,20.093946009592244,4.5,38.15822839014442
3.0,20.54047814313874,4.6,37.87108388835162
3.0,20.987010276685233,4.7,37.58667745757861
3.0,21.43354241023173,4.800000000000001,37.30614691623835
3.0,21.880074543778225,4.9,37.030408477110484
3.0,22.32660667732472,5.000000000000001,36.76018626919311
3.0,22.773138810871213,5.1000000000000005,36.4960392088542
3.0,23.219670944417707,5.2,36.23838518100284
3.0,23.6662030779642,5.300000000000001,35.98752258115838
3.0,24.112735211510696,5.4,35.74364933411893
3.0,24.55926734505719,5.500000000000001,35.50687954864064
3.0,25.005799478603684,5.6000000000000005,35.27725799415852
3.0,25.45233161215018,5.7,35.054772598781085
3.0,25.898863745696673,5.800000000000001,34.83936517080625
3.0,26.345395879243167,5.9,34.630940541587826
3.0,26.79192801278966,6.0,34.42937431801134
3.0,27.238460146336156,6.1000000000000005,34.2345194199465
3.0,27.68499227988265,6.2,34.04621156326387
3.0,28.131524413429144,6.300000000000001,33.86427383341872
3.0,28.57805654697564,6.4,33.68852047900709
3.0,29.024588680522132,6.5,33.51876003963861
3.0,29.471120814068627,6.6000000000000005,33.354797908311326
3.0,29.91765294761512,6.7,33.19643841542987
3.0,30.364185081161615,6.8,33.04348650978549
3.0,30.81071721470811,6.9,32.895749101241556
3.0,31.257249348254604,7.0,32.75303612051092
3.0,31.703781481801098,7.1000000000000005,32.61516134320691
3.0,32.15031361534759,7.2,32.481943018211076
3.0,32.59684574889409,7.300000000000001,32.35320433422864
3.0,33.04337788244058,7.4,32.22877375309663
3.0,33.48991001598708,7.500000000000001,32.10848523386882
3.0,33.93644214953357,7.6,31.99217836783129
3.0,34.38297428308007,7.700000000000001,31.879698441315558
3.0,34.82950641662656,7.8,31.770896440392228
3.0,35.276038550173055,7.900000000000001,31.665629009176733
3.0,35.722570683719546,8.0,31.563758371497038
