dgp,config_name,pi_L,n,R,protocol,method_id,method_label,lambda_rule,clip,per_arm,variance,si_variance,alpha,target,seed,true_tau,n_valid,bias,rel_bias,rmse,coverage,ci_width,rejection,cdr,relative_efficiency,mc_se_bias,mc_se_rmse,mc_se_coverage,mc_se_ci_width,mc_se_rejection,mc_se_cdr,analysis,m,mean_T_n,method_key,param_m,param_version,param_zeta,table_label,version
multisurrogate,m=0.0; index=poor,0.2,64000,500,allunits_crossfit,0,Labeled-Only,,,,,,0.05,ATE,42,0.0009103704672140337,500,2.7126825189275537e-05,2.9797567217102894,0.0009621539896708731,0.942,,,,1.0,4.3054805806035746e-05,3.164437818151324e-05,0.010453324829928518,,,,multisurrogate,0.0,,lo,0.0,poor,0.5,LO,poor
multisurrogate,m=0.0; index=poor,0.2,64000,500,allunits_crossfit,2,SI,,,,,sandwich,0.05,ATE,42,0.0009103704672140337,500,-0.0005999150776548512,-65.8979063205713,0.0006247066821124397,0.112,,,,1.540169198154498,7.800151362580843e-06,7.325184870914895e-06,0.014103616557464968,,,,multisurrogate,0.0,,si,0.0,poor,0.5,SI,poor
multisurrogate,m=0.0; index=poor,0.2,64000,500,allunits_crossfit,3,PPI++,exact,False,False,exact,,0.05,ATE,42,0.0009103704672140337,500,4.484379468781184e-05,4.925884165052642,0.0009002751356165876,0.938,,,,1.0687332700929315,4.0251821400117775e-05,3.059330515078696e-05,0.010784804124322337,,,,multisurrogate,0.0,,ppi,0.0,poor,0.5,PPI++,poor
multisurrogate,m=0.0; index=poor,0.2,64000,500,allunits_crossfit,-1,SI--PPI++ diagnostic (two-sided),,,,,,0.05,ATE,42,0.0009103704672140337,500,,,,,,0.132,,,,,,,0.01513776733867977,,multisurrogate,0.0,0.7856029411280006,diagnostic,0.0,poor,0.5,,poor
multisurrogate,m=0.0; index=rich,0.2,64000,500,allunits_crossfit,0,Labeled-Only,,,,,,0.05,ATE,42,0.0009103704672140337,500,2.7126825189275537e-05,2.9797567217102894,0.0009621539896708731,0.942,,,,1.0,4.3054805806035746e-05,3.164437818151324e-05,0.010453324829928518,,,,multisurrogate,0.0,,lo,0.0,rich,0.5,LO,rich
multisurrogate,m=0.0; index=rich,0.2,64000,500,allunits_crossfit,2,SI,,,,,sandwich,0.05,ATE,42,0.0009103704672140337,500,-0.0005777891498713381,-63.4674751301545,0.0006376799624771796,0.414,,,,1.5088352250135275,1.207818823059047e-05,1.1842228278794242e-05,0.0220274374360705,,,,multisurrogate,0.0,,si,0.0,rich,0.5,SI,rich
multisurrogate,m=0.0; index=rich,0.2,64000,500,allunits_crossfit,3,PPI++,exact,False,False,exact,,0.05,ATE,42,0.0009103704672140337,500,4.464641413741512e-05,4.90420282130247,0.0008999797755296179,0.938,,,,1.0690840125875796,4.0239022677322516e-05,3.0507310709919654e-05,0.010784804124322337,,,,multisurrogate,0.0,,ppi,0.0,rich,0.5,PPI++,rich
multisurrogate,m=0.0; index=rich,0.2,64000,500,allunits_crossfit,-1,SI--PPI++ diagnostic (two-sided),,,,,,0.05,ATE,42,0.0009103704672140337,500,,,,,,0.138,,,,,,,0.01542439626046997,,multisurrogate,0.0,0.7831083333563185,diagnostic,0.0,rich,0.5,,rich
multisurrogate,m=0.5; index=poor,0.2,64000,500,allunits_crossfit,0,Labeled-Only,,,,,,0.05,ATE,42,0.0009333160716162754,500,-3.1128143456149186e-05,-3.335219911325736,0.0008976818003369033,0.956,,,,1.0,4.016158877719321e-05,2.698328997411623e-05,0.009172131704244116,,,,multisurrogate,0.5,,lo,0.5,poor,0.5,LO,poor
multisurrogate,m=0.5; index=poor,0.2,64000,500,allunits_crossfit,2,SI,,,,,sandwich,0.05,ATE,42,0.0009333160716162754,500,-0.000615545591090205,-65.95253310319947,0.0006374429229488605,0.08,,,,1.4082543989729428,7.415131756883198e-06,7.296514638568199e-06,0.01213260071048248,,,,multisurrogate,0.5,,si,0.5,poor,0.5,SI,poor
multisurrogate,m=0.5; index=poor,0.2,64000,500,allunits_crossfit,3,PPI++,exact,False,False,exact,,0.05,ATE,42,0.0009333160716162754,500,-3.413946910098128e-05,-3.6578679119775637,0.0008333298291345759,0.962,,,,1.0772226901671786,3.72736482149579e-05,2.566169297761585e-05,0.008550555537507495,,,,multisurrogate,0.5,,ppi,0.5,poor,0.5,PPI++,poor
multisurrogate,m=0.5; index=poor,0.2,64000,500,allunits_crossfit,-1,SI--PPI++ diagnostic (two-sided),,,,,,0.05,ATE,42,0.0009333160716162754,500,,,,,,0.098,,,,,,,0.013296315279053818,,multisurrogate,0.5,0.6961890239948232,diagnostic,0.5,poor,0.5,,poor
multisurrogate,m=0.5; index=rich,0.2,64000,500,allunits_crossfit,0,Labeled-Only,,,,,,0.05,ATE,42,0.0009333160716162754,500,-3.1128143456149186e-05,-3.335219911325736,0.0008976818003369033,0.956,,,,1.0,4.016158877719321e-05,2.698328997411623e-05,0.009172131704244116,,,,multisurrogate,0.5,,lo,0.5,rich,0.5,LO,rich
multisurrogate,m=0.5; index=rich,0.2,64000,500,allunits_crossfit,2,SI,,,,,sandwich,0.05,ATE,42,0.0009333160716162754,500,-0.000294342718821944,-31.537303146640806,0.0004021133257761129,0.8,,,,2.23240997697428,1.2264412456872492e-05,1.0188722657373537e-05,0.017888543819998316,,,,multisurrogate,0.5,,si,0.5,rich,0.5,SI,rich
multisurrogate,m=0.5; index=rich,0.2,64000,500,allunits_crossfit,3,PPI++,exact,False,False,exact,,0.05,ATE,42,0.0009333160716162754,500,-3.5382955864766903e-05,-3.7911011007763182,0.0008332349423928222,0.962,,,,1.0773453616323476,3.7267072607312755e-05,2.5591882365800274e-05,0.008550555537507495,,,,multisurrogate,0.5,,ppi,0.5,rich,0.5,PPI++,rich
multisurrogate,m=0.5; index=rich,0.2,64000,500,allunits_crossfit,-1,SI--PPI++ diagnostic (two-sided),,,,,,0.05,ATE,42,0.0009333160716162754,500,,,,,,0.056,,,,,,,0.010282412168358162,,multisurrogate,0.5,0.3338103043495522,diagnostic,0.5,rich,0.5,,rich
multisurrogate,m=1.0; index=poor,0.2,64000,500,allunits_crossfit,0,Labeled-Only,,,,,,0.05,ATE,42,0.0010021102469228934,500,-4.072262247799839e-05,-4.063686865097165,0.0009152037454145505,0.956,,,,1.0,4.092956860817829e-05,3.080450294203542e-05,0.009172131704244116,,,,multisurrogate,1.0,,lo,1.0,poor,0.5,LO,poor
multisurrogate,m=1.0; index=poor,0.2,64000,500,allunits_crossfit,2,SI,,,,,sandwich,0.05,ATE,42,0.0010021102469228934,500,-0.0006548433261460232,-65.34643550016604,0.0006792345993169801,0.08,,,,1.3474044848935178,8.075279468824745e-06,7.818437771487653e-06,0.01213260071048248,,,,multisurrogate,1.0,,si,1.0,poor,0.5,SI,poor
multisurrogate,m=1.0; index=poor,0.2,64000,500,allunits_crossfit,3,PPI++,exact,False,False,exact,,0.05,ATE,42,0.0010021102469228934,500,-4.858586927808603e-05,-4.84835570011135,0.0008773331301748248,0.948,,,,1.0431656048736917,3.921455382483727e-05,2.7204748724616702e-05,0.009929350431926557,,,,multisurrogate,1.0,,ppi,1.0,poor,0.5,PPI++,poor
multisurrogate,m=1.0; index=poor,0.2,64000,500,allunits_crossfit,-1,SI--PPI++ diagnostic (two-sided),,,,,,0.05,ATE,42,0.0010021102469228934,500,,,,,,0.11,,,,,,,0.013992855319769442,,multisurrogate,1.0,0.7058136263693318,diagnostic,1.0,poor,0.5,,poor
multisurrogate,m=1.0; index=rich,0.2,64000,500,allunits_crossfit,0,Labeled-Only,,,,,,0.05,ATE,42,0.0010021102469228934,500,-4.072262247799839e-05,-4.063686865097165,0.0009152037454145505,0.956,,,,1.0,4.092956860817829e-05,3.080450294203542e-05,0.009172131704244116,,,,multisurrogate,1.0,,lo,1.0,rich,0.5,LO,rich
multisurrogate,m=1.0; index=rich,0.2,64000,500,allunits_crossfit,2,SI,,,,,sandwich,0.05,ATE,42,0.0010021102469228934,500,-4.04874757951098e-06,-0.4040221714071054,0.00031602007266216895,0.954,,,,2.89603042523479,1.4145840290769006e-05,9.52401361525754e-06,0.009368457717255283,,,,multisurrogate,1.0,,si,1.0,rich,0.5,SI,rich
multisurrogate,m=1.0; index=rich,0.2,64000,500,allunits_crossfit,3,PPI++,exact,False,False,exact,,0.05,ATE,42,0.0010021102469228934,500,-4.950492967773276e-05,-4.940068204046803,0.0008774083951092723,0.948,,,,1.0430761211266633,3.9215624921293786e-05,2.714773938019724e-05,0.009929350431926557,,,,multisurrogate,1.0,,ppi,1.0,rich,0.5,PPI++,rich
multisurrogate,m=1.0; index=rich,0.2,64000,500,allunits_crossfit,-1,SI--PPI++ diagnostic (two-sided),,,,,,0.05,ATE,42,0.0010021102469228934,500,,,,,,0.05,,,,,,,0.009746794344808964,,multisurrogate,1.0,-0.028629861546783916,diagnostic,1.0,rich,0.5,,rich
