cell,n,R,B,mean_n_L,diagnostic_null,quantity,estimator,value,mc_se,ratio_to_mc,ratio_mc_se
"DGP 5 MAR, q = 0.10",10000,500,200,1004.082,True,Var(SI),Monte Carlo,0.0005889343620837853,4.007281717696467e-05,1.0,0.0
"DGP 5 MAR, q = 0.10",10000,500,200,1004.082,True,Var(SI),MCAR sandwich,0.0006331542963330139,1.8955336924397796e-06,1.075084656450964,0.07352831581047461
"DGP 5 MAR, q = 0.10",10000,500,200,1004.082,True,Var(SI),paired bootstrap,0.0006379535183694231,3.431610518547996e-06,1.0832336495228378,0.0751538308206335
"DGP 5 MAR, q = 0.10",10000,500,200,1004.082,True,Var(PPI++),Monte Carlo,0.004753157385159084,0.00027600837549705094,1.0,0.0
"DGP 5 MAR, q = 0.10",10000,500,200,1004.082,True,Var(PPI++),MCAR sandwich,0.004593280766379952,1.0728524386377573e-05,0.9663641226612188,0.05652713281598052
"DGP 5 MAR, q = 0.10",10000,500,200,1004.082,True,Var(PPI++),exact (reported),0.0045955021642379865,1.0596290268312817e-05,0.9668314747133454,0.05861584612922587
"DGP 5 MAR, q = 0.10",10000,500,200,1004.082,True,Var(PPI++),paired bootstrap,0.0046719015443067455,2.3547398767113334e-05,0.9829048705380456,0.05902477624152378
"DGP 5 MAR, q = 0.10",10000,500,200,1004.082,True,Var(D),Monte Carlo,0.0041112112983402865,0.00024400182734649853,1.0,0.0
"DGP 5 MAR, q = 0.10",10000,500,200,1004.082,True,Var(D),MCAR sandwich,0.003993167494066153,1.0763261795944008e-05,0.9712873419272349,0.05936237753515775
"DGP 5 MAR, q = 0.10",10000,500,200,1004.082,True,Var(D),paired bootstrap,0.004057501162547018,2.1565803313189173e-05,0.9869356907500835,0.059076153517224825
"DGP 5 MAR, q = 0.10",10000,500,200,1004.082,True,SI coverage,MCAR sandwich,0.946,0.010107818755794947,,
"DGP 5 MAR, q = 0.10",10000,500,200,1004.082,True,SI coverage,paired bootstrap,0.952,0.009559916317625384,,
"DGP 5 MAR, q = 0.10",10000,500,200,1004.082,True,PPI++ coverage,exact (reported),0.952,0.009559916317625384,,
"DGP 5 MAR, q = 0.10",10000,500,200,1004.082,True,PPI++ coverage,MCAR sandwich,0.952,0.009559916317625384,,
"DGP 5 MAR, q = 0.10",10000,500,200,1004.082,True,PPI++ coverage,paired bootstrap,0.938,0.010784804124322337,,
"DGP 5 MAR, q = 0.10",10000,500,200,1004.082,True,diagnostic size (alpha = 0.05),MCAR sandwich,0.046,0.00936845771725528,,
"DGP 5 MAR, q = 0.10",10000,500,200,1004.082,True,diagnostic size (alpha = 0.05),paired bootstrap,0.054,0.010107818755794942,,
"DGP 5 MAR, q = 0.10",10000,500,200,1004.082,True,diagnostic size (alpha = 0.10),MCAR sandwich,0.12,0.014532721699667961,,
"DGP 5 MAR, q = 0.10",10000,500,200,1004.082,True,diagnostic size (alpha = 0.10),paired bootstrap,0.122,0.014636666287102402,,
"DGP 5 MAR, q = 0.10",10000,500,200,1004.082,True,SI bias,,-0.001323987957466497,0.0010852966065401527,,
"DGP 5 MAR, q = 0.10",10000,500,200,1004.082,True,PPI++ bias,,-0.0042423352182893795,0.0030832312223247494,,
DGP 11 mix drift d = 2 (earliest 20% labeled),10000,500,200,2000.0,True,Var(SI),Monte Carlo,0.00039005258497181784,2.5929723092042286e-05,1.0,0.0
DGP 11 mix drift d = 2 (earliest 20% labeled),10000,500,200,2000.0,True,Var(SI),MCAR sandwich,0.00036490544587631477,1.0527886685996014e-06,0.9355288490209083,0.06428618664158581
DGP 11 mix drift d = 2 (earliest 20% labeled),10000,500,200,2000.0,True,Var(SI),paired bootstrap,0.00036539228790047947,2.021333002456729e-06,0.9367769936119764,0.06463210362720677
DGP 11 mix drift d = 2 (earliest 20% labeled),10000,500,200,2000.0,True,Var(PPI++),Monte Carlo,0.002598181975772425,0.00014660258138779776,1.0,0.0
DGP 11 mix drift d = 2 (earliest 20% labeled),10000,500,200,2000.0,True,Var(PPI++),MCAR sandwich,0.002314860600411645,3.0982342960137322e-06,0.8909539909049096,0.05064225250955137
DGP 11 mix drift d = 2 (earliest 20% labeled),10000,500,200,2000.0,True,Var(PPI++),exact (reported),0.002267793856901082,3.0877013560108564e-06,0.8728387303306111,0.0507965995165403
DGP 11 mix drift d = 2 (earliest 20% labeled),10000,500,200,2000.0,True,Var(PPI++),paired bootstrap,0.0023376786827358433,1.127895961731898e-05,0.899736317368942,0.04935684692711551
DGP 11 mix drift d = 2 (earliest 20% labeled),10000,500,200,2000.0,True,Var(D),Monte Carlo,0.0020903779514822034,0.00012097472387065893,1.0,0.0
DGP 11 mix drift d = 2 (earliest 20% labeled),10000,500,200,2000.0,True,Var(D),MCAR sandwich,0.0020254778591154176,3.2199989977774036e-06,0.9689529387158108,0.05715641404645466
DGP 11 mix drift d = 2 (earliest 20% labeled),10000,500,200,2000.0,True,Var(D),paired bootstrap,0.0020191561210704126,9.973422626585294e-06,0.965928730562198,0.057117143916191666
DGP 11 mix drift d = 2 (earliest 20% labeled),10000,500,200,2000.0,True,SI coverage,MCAR sandwich,0.944,0.010282412168358165,,
DGP 11 mix drift d = 2 (earliest 20% labeled),10000,500,200,2000.0,True,SI coverage,paired bootstrap,0.942,0.010453324829928518,,
DGP 11 mix drift d = 2 (earliest 20% labeled),10000,500,200,2000.0,True,PPI++ coverage,exact (reported),0.932,0.01125841907196565,,
DGP 11 mix drift d = 2 (earliest 20% labeled),10000,500,200,2000.0,True,PPI++ coverage,MCAR sandwich,0.932,0.01125841907196565,,
DGP 11 mix drift d = 2 (earliest 20% labeled),10000,500,200,2000.0,True,PPI++ coverage,paired bootstrap,0.938,0.010784804124322337,,
DGP 11 mix drift d = 2 (earliest 20% labeled),10000,500,200,2000.0,True,diagnostic size (alpha = 0.05),MCAR sandwich,0.042,0.008970618707759236,,
DGP 11 mix drift d = 2 (earliest 20% labeled),10000,500,200,2000.0,True,diagnostic size (alpha = 0.05),paired bootstrap,0.05,0.009746794344808964,,
DGP 11 mix drift d = 2 (earliest 20% labeled),10000,500,200,2000.0,True,diagnostic size (alpha = 0.10),MCAR sandwich,0.118,0.014427473791346842,,
DGP 11 mix drift d = 2 (earliest 20% labeled),10000,500,200,2000.0,True,diagnostic size (alpha = 0.10),paired bootstrap,0.12,0.014532721699667961,,
DGP 11 mix drift d = 2 (earliest 20% labeled),10000,500,200,2000.0,True,SI bias,,0.001159639773841619,0.0008857515458959319,,
DGP 11 mix drift d = 2 (earliest 20% labeled),10000,500,200,2000.0,True,PPI++ bias,,-0.007867149622135621,0.0022809308032000217,,
