K,f_ant,c_launch,rule,method,R,oracle_gain,mean_regret,mc_se_regret,rel_regret_pct,mean_launched,mean_launched_harmful,mean_missed_good
200,0.0,0.0,tau=0,Labeled-Only,200,4.0096886974189845,3.312091342439877,0.04197823048333531,82.60220661448987,8.45,0.525,44.88
200,0.0,0.0,tau=0,Naive Surrogate,200,4.0096886974189845,1.4421505104505212,0.023070564527556126,35.96664527545058,23.42,0.225,29.685
200,0.0,0.0,tau=0,Surrogate Index,200,4.0096886974189845,1.609757964031262,0.02516922987741567,40.146706777198304,21.62,0.225,31.39
200,0.0,0.0,tau=0,PPI++ (implemented rule),200,4.0096886974189845,2.918020123843437,0.03863855523591396,72.77423121953959,11.095,0.405,42.24
200,0.0,0.0,tau=0,GREG,200,4.0096886974189845,2.918020123843437,0.03863855523591396,72.77423121953959,11.095,0.405,42.24
200,0.0,0.0,tau=0,PPI++ (exact rule),200,4.0096886974189845,2.918020123843437,0.03863855523591396,72.77423121953959,11.095,0.405,42.24
200,0.0,0.01,tau=0,Labeled-Only,200,3.527723720909603,2.914626365930496,0.038619538220716385,82.62059607034578,8.45,3.065,40.77
200,0.0,0.01,tau=0,Naive Surrogate,200,3.527723720909603,1.1943855339411396,0.020391295178693196,33.85711661210176,23.42,2.855,25.59
200,0.0,0.01,tau=0,Surrogate Index,200,3.527723720909603,1.3439929875218803,0.022354609537151567,38.098022800247506,21.62,2.74,27.275
200,0.0,0.01,tau=0,PPI++ (implemented rule),200,3.527723720909603,2.547005147334055,0.035323026341252825,72.19967743611522,11.095,3.115,38.175
200,0.0,0.01,tau=0,GREG,200,3.527723720909603,2.547005147334055,0.035323026341252825,72.19967743611522,11.095,3.115,38.175
200,0.0,0.01,tau=0,PPI++ (exact rule),200,3.527723720909603,2.547005147334055,0.035323026341252825,72.19967743611522,11.095,3.115,38.175
200,0.0,0.02,tau=0,Labeled-Only,200,3.0852919383825617,2.5566945834034542,0.03540909500051848,82.86718516315769,8.45,3.255,37.01
200,0.0,0.02,tau=0,Naive Surrogate,200,3.0852919383825617,0.986153751414098,0.017993435997249237,31.96306123079817,23.42,3.05,21.835
200,0.0,0.02,tau=0,Surrogate Index,200,3.0852919383825617,1.1177612049948389,0.019814822691209707,36.22870144278197,21.62,2.89,23.475
200,0.0,0.02,tau=0,PPI++ (implemented rule),200,3.0852919383825617,2.2155233648070136,0.032102413041354076,71.80919695944505,11.095,3.24,34.35
200,0.0,0.02,tau=0,GREG,200,3.0852919383825617,2.2155233648070136,0.032102413041354076,71.80919695944505,11.095,3.24,34.35
200,0.0,0.02,tau=0,PPI++ (exact rule),200,3.0852919383825617,2.2155233648070136,0.032102413041354076,71.80919695944505,11.095,3.24,34.35
200,0.1,0.0,tau=0,Labeled-Only,200,3.992429892591447,3.2663083559228028,0.041417965033207854,81.81254132937758,8.915,0.45,44.51
200,0.1,0.0,tau=0,Naive Surrogate,200,3.992429892591447,2.0382083444985204,0.032673880176569844,51.05182556319203,24.525,3.16,31.45
200,0.1,0.0,tau=0,Surrogate Index,200,3.992429892591447,2.1933022078556146,0.032647264374698226,54.93652404330546,23.115,3.255,33.005
200,0.1,0.0,tau=0,PPI++ (implemented rule),200,3.992429892591447,2.889512646406739,0.0410302797388322,72.37478738871943,11.515,0.355,41.925
200,0.1,0.0,tau=0,GREG,200,3.992429892591447,2.889512646406739,0.0410302797388322,72.37478738871943,11.515,0.355,41.925
200,0.1,0.0,tau=0,PPI++ (exact rule),200,3.992429892591447,2.889512646406739,0.0410302797388322,72.37478738871943,11.515,0.355,41.925
200,0.1,0.01,tau=0,Labeled-Only,200,3.509848093356091,2.872876556687446,0.03829743486493111,81.85187735405444,8.915,3.3,40.725
200,0.1,0.01,tau=0,Naive Surrogate,200,3.509848093356091,1.8008765452631639,0.030750522711615057,51.30924465569046,24.525,5.85,27.665
200,0.1,0.01,tau=0,Surrogate Index,200,3.509848093356091,1.941870408620258,0.0308173964399285,55.326337692394425,23.115,5.965,29.19
200,0.1,0.01,tau=0,PPI++ (implemented rule),200,3.509848093356091,2.5220808471713827,0.03794360234851508,71.85726504647064,11.515,3.31,38.135
200,0.1,0.01,tau=0,GREG,200,3.509848093356091,2.5220808471713827,0.03794360234851508,71.85726504647064,11.515,3.31,38.135
200,0.1,0.01,tau=0,PPI++ (exact rule),200,3.509848093356091,2.5220808471713827,0.03794360234851508,71.85726504647064,11.515,3.31,38.135
200,0.1,0.02,tau=0,Labeled-Only,200,3.0653638893629704,2.517542352694326,0.035282560106647036,82.12866216080825,8.915,3.41,37.01
200,0.1,0.02,tau=0,Naive Surrogate,200,3.0653638893629704,1.6016423412700442,0.029210760344150197,52.249664283834505,24.525,6.005,23.995
200,0.1,0.02,tau=0,Surrogate Index,200,3.0653638893629704,1.7285362046271382,0.029368733965107804,56.389266234435695,23.115,6.115,25.515
200,0.1,0.02,tau=0,PPI++ (implemented rule),200,3.0653638893629704,2.1927466431782623,0.03484634280955521,71.53299648329676,11.515,3.42,34.42
200,0.1,0.02,tau=0,GREG,200,3.0653638893629704,2.1927466431782623,0.03484634280955521,71.53299648329676,11.515,3.42,34.42
200,0.1,0.02,tau=0,PPI++ (exact rule),200,3.0653638893629704,2.1927466431782623,0.03484634280955521,71.53299648329676,11.515,3.42,34.42
200,0.0,0.0,tau=c,Labeled-Only,200,4.0096886974189845,3.312091342439877,0.04197823048333531,82.60220661448987,8.45,0.525,44.88
200,0.0,0.0,tau=c,Naive Surrogate,200,4.0096886974189845,1.4421505104505212,0.023070564527556126,35.96664527545058,23.42,0.225,29.685
200,0.0,0.0,tau=c,Surrogate Index,200,4.0096886974189845,1.609757964031262,0.02516922987741567,40.146706777198304,21.62,0.225,31.39
200,0.0,0.0,tau=c,PPI++ (implemented rule),200,4.0096886974189845,2.918020123843437,0.03863855523591396,72.77423121953959,11.095,0.405,42.24
200,0.0,0.0,tau=c,GREG,200,4.0096886974189845,2.918020123843437,0.03863855523591396,72.77423121953959,11.095,0.405,42.24
200,0.0,0.0,tau=c,PPI++ (exact rule),200,4.0096886974189845,2.918020123843437,0.03863855523591396,72.77423121953959,11.095,0.405,42.24
200,0.0,0.01,tau=c,Labeled-Only,200,3.527723720909603,2.955883097258771,0.03955991576438057,83.79009613872522,7.505,2.615,41.265
200,0.0,0.01,tau=c,Naive Surrogate,200,3.527723720909603,1.323419724138442,0.022298992905683993,37.51483474440583,20.34,1.86,27.675
200,0.0,0.01,tau=c,Surrogate Index,200,3.527723720909603,1.497100321050237,0.023694547618429526,42.438139703985044,18.475,1.745,29.425
200,0.0,0.01,tau=c,PPI++ (implemented rule),200,3.527723720909603,2.6289057726909935,0.03562910482879445,74.5213055407056,9.605,2.5,39.05
200,0.0,0.01,tau=c,GREG,200,3.527723720909603,2.6289057726909935,0.03562910482879445,74.5213055407056,9.605,2.5,39.05
200,0.0,0.01,tau=c,PPI++ (exact rule),200,3.527723720909603,2.6289057726909935,0.03562910482879445,74.5213055407056,9.605,2.5,39.05
200,0.0,0.02,tau=c,Labeled-Only,200,3.0852919383825617,2.645263787131159,0.037271130695066684,85.73787634883965,6.505,2.36,38.06
200,0.0,0.02,tau=c,Naive Surrogate,200,3.0852919383825617,1.1992421307872065,0.02065957786622156,38.86964847209561,17.58,1.14,25.765
200,0.0,0.02,tau=c,Surrogate Index,200,3.0852919383825617,1.3636745629984852,0.023632451819293476,44.199206760102584,15.725,1.07,27.55
200,0.0,0.02,tau=c,PPI++ (implemented rule),200,3.0852919383825617,2.344451118316775,0.03340679336571857,75.98798315163114,8.24,2.035,36.0
200,0.0,0.02,tau=c,GREG,200,3.0852919383825617,2.344451118316775,0.03340679336571857,75.98798315163114,8.24,2.035,36.0
200,0.0,0.02,tau=c,PPI++ (exact rule),200,3.0852919383825617,2.344451118316775,0.03340679336571857,75.98798315163114,8.24,2.035,36.0
200,0.1,0.0,tau=c,Labeled-Only,200,3.992429892591447,3.2663083559228028,0.041417965033207854,81.81254132937758,8.915,0.45,44.51
200,0.1,0.0,tau=c,Naive Surrogate,200,3.992429892591447,2.0382083444985204,0.032673880176569844,51.05182556319203,24.525,3.16,31.45
200,0.1,0.0,tau=c,Surrogate Index,200,3.992429892591447,2.1933022078556146,0.032647264374698226,54.93652404330546,23.115,3.255,33.005
200,0.1,0.0,tau=c,PPI++ (implemented rule),200,3.992429892591447,2.889512646406739,0.0410302797388322,72.37478738871943,11.515,0.355,41.925
200,0.1,0.0,tau=c,GREG,200,3.992429892591447,2.889512646406739,0.0410302797388322,72.37478738871943,11.515,0.355,41.925
200,0.1,0.0,tau=c,PPI++ (exact rule),200,3.992429892591447,2.889512646406739,0.0410302797388322,72.37478738871943,11.515,0.355,41.925
200,0.1,0.01,tau=c,Labeled-Only,200,3.509848093356091,2.9194413132643713,0.03853915899401831,83.17856601232057,7.815,2.77,41.295
200,0.1,0.01,tau=c,Naive Surrogate,200,3.509848093356091,1.90491113445267,0.03124896037675207,54.27332134568843,20.93,4.295,29.705
200,0.1,0.01,tau=c,Surrogate Index,200,3.509848093356091,2.0627887401542337,0.03242358968709912,58.77145350133402,19.495,4.435,31.28
200,0.1,0.01,tau=c,PPI++ (implemented rule),200,3.509848093356091,2.5971395364724232,0.03830175724099329,73.99578179433564,9.955,2.635,39.02
200,0.1,0.01,tau=c,GREG,200,3.509848093356091,2.5971395364724232,0.03830175724099329,73.99578179433564,9.955,2.635,39.02
200,0.1,0.01,tau=c,PPI++ (exact rule),200,3.509848093356091,2.5971395364724232,0.03830175724099329,73.99578179433564,9.955,2.635,39.02
200,0.1,0.02,tau=c,Labeled-Only,200,3.0653638893629704,2.5999138053515582,0.03599733382569211,84.81582934976963,6.79,2.395,38.12
200,0.1,0.02,tau=c,Naive Surrogate,200,3.0653638893629704,1.743006238116101,0.030515089492756293,56.86131568798262,18.035,3.355,27.835
200,0.1,0.02,tau=c,Surrogate Index,200,3.0653638893629704,1.909546668579063,0.03159810780334388,62.29428992770891,16.53,3.49,29.475
200,0.1,0.02,tau=c,PPI++ (implemented rule),200,3.0653638893629704,2.328301322337078,0.036787230436146776,75.95513636786968,8.525,2.14,36.13
200,0.1,0.02,tau=c,GREG,200,3.0653638893629704,2.328301322337078,0.036787230436146776,75.95513636786968,8.525,2.14,36.13
200,0.1,0.02,tau=c,PPI++ (exact rule),200,3.0653638893629704,2.328301322337078,0.036787230436146776,75.95513636786968,8.525,2.14,36.13
