n,pi_L,rho,delta,true_tau,n_valid,reject_rate_1s,reject_rate_2s
1000,0.05,0.0,0.0,0.15,500,0.076,0.09
1000,0.05,0.1,0.0167,0.1667,500,0.054,0.062
1000,0.05,0.2,0.0375,0.1875,500,0.074,0.07
1000,0.05,0.3,0.0643,0.2143,500,0.074,0.06
1000,0.05,0.4,0.1,0.25,500,0.11,0.088
1000,0.05,0.5,0.15,0.3,500,0.116,0.062
1000,0.05,0.6,0.225,0.375,500,0.198,0.142
1000,0.05,0.8,0.6,0.75,500,0.612,0.52
1000,0.2,0.0,0.0,0.15,500,0.034,0.04
1000,0.2,0.1,0.0167,0.1667,500,0.068,0.062
1000,0.2,0.2,0.0375,0.1875,500,0.074,0.058
1000,0.2,0.3,0.0643,0.2143,500,0.128,0.082
1000,0.2,0.4,0.1,0.25,500,0.126,0.084
1000,0.2,0.5,0.15,0.3,500,0.264,0.17
1000,0.2,0.6,0.225,0.375,500,0.446,0.33
1000,0.2,0.8,0.6,0.75,500,0.994,0.982
1000,0.5,0.0,0.0,0.15,500,0.056,0.052
1000,0.5,0.1,0.0167,0.1667,500,0.072,0.062
1000,0.5,0.2,0.0375,0.1875,500,0.112,0.074
1000,0.5,0.3,0.0643,0.2143,500,0.166,0.09
1000,0.5,0.4,0.1,0.25,500,0.32,0.194
1000,0.5,0.5,0.15,0.3,500,0.518,0.4
1000,0.5,0.6,0.225,0.375,500,0.79,0.732
1000,0.5,0.8,0.6,0.75,500,1.0,1.0
10000,0.05,0.0,0.0,0.15,500,0.042,0.036
10000,0.05,0.1,0.0167,0.1667,500,0.06,0.06
10000,0.05,0.2,0.0375,0.1875,500,0.096,0.06
10000,0.05,0.3,0.0643,0.2143,500,0.188,0.108
10000,0.05,0.4,0.1,0.25,500,0.296,0.202
10000,0.05,0.5,0.15,0.3,500,0.5,0.368
10000,0.05,0.6,0.225,0.375,500,0.77,0.688
10000,0.05,0.8,0.6,0.75,500,1.0,1.0
10000,0.2,0.0,0.0,0.15,500,0.034,0.04
10000,0.2,0.1,0.0167,0.1667,500,0.084,0.062
10000,0.2,0.2,0.0375,0.1875,500,0.22,0.132
10000,0.2,0.3,0.0643,0.2143,500,0.382,0.294
10000,0.2,0.4,0.1,0.25,500,0.738,0.63
10000,0.2,0.5,0.15,0.3,500,0.946,0.924
10000,0.2,0.6,0.225,0.375,500,1.0,1.0
10000,0.2,0.8,0.6,0.75,500,1.0,1.0
10000,0.5,0.0,0.0,0.15,500,0.052,0.048
10000,0.5,0.1,0.0167,0.1667,500,0.146,0.082
10000,0.5,0.2,0.0375,0.1875,500,0.374,0.27
10000,0.5,0.3,0.0643,0.2143,500,0.694,0.592
10000,0.5,0.4,0.1,0.25,500,0.982,0.946
10000,0.5,0.5,0.15,0.3,500,1.0,1.0
10000,0.5,0.6,0.225,0.375,500,1.0,1.0
10000,0.5,0.8,0.6,0.75,500,1.0,1.0
100000,0.05,0.0,0.0,0.15,500,0.056,0.054
100000,0.05,0.1,0.0167,0.1667,500,0.15,0.102
100000,0.05,0.2,0.0375,0.1875,500,0.374,0.27
100000,0.05,0.3,0.0643,0.2143,500,0.756,0.596
100000,0.05,0.4,0.1,0.25,500,0.98,0.952
100000,0.05,0.5,0.15,0.3,500,0.998,0.998
100000,0.05,0.6,0.225,0.375,500,1.0,1.0
100000,0.05,0.8,0.6,0.75,500,1.0,1.0
100000,0.2,0.0,0.0,0.15,500,0.05,0.048
100000,0.2,0.1,0.0167,0.1667,500,0.322,0.224
100000,0.2,0.2,0.0375,0.1875,500,0.866,0.786
100000,0.2,0.3,0.0643,0.2143,500,1.0,1.0
100000,0.2,0.4,0.1,0.25,500,1.0,1.0
100000,0.2,0.5,0.15,0.3,500,1.0,1.0
100000,0.2,0.6,0.225,0.375,500,1.0,1.0
100000,0.2,0.8,0.6,0.75,500,1.0,1.0
100000,0.5,0.0,0.0,0.15,500,0.04,0.046
100000,0.5,0.1,0.0167,0.1667,500,0.556,0.448
100000,0.5,0.2,0.0375,0.1875,500,1.0,1.0
100000,0.5,0.3,0.0643,0.2143,500,1.0,1.0
100000,0.5,0.4,0.1,0.25,500,1.0,1.0
100000,0.5,0.5,0.15,0.3,500,1.0,1.0
100000,0.5,0.6,0.225,0.375,500,1.0,1.0
100000,0.5,0.8,0.6,0.75,500,1.0,1.0
