dgp,config_name,pi_L,n,R,protocol,method_id,method_label,lambda_rule,clip,per_arm,variance,si_variance,alpha,target,seed,true_tau,n_valid,bias,rel_bias,rmse,coverage,ci_width,rejection,cdr,relative_efficiency,mc_se_bias,mc_se_rmse,mc_se_coverage,mc_se_ci_width,mc_se_rejection,mc_se_cdr,analysis,dial,mean_D_hat,mean_T_n,method_key,param_dial,table_label
semisynthetic,dial=0.0,0.2,64000,500,allunits_crossfit,0,Labeled-Only,,,,,,0.05,ATE,42,0.00026514860512668833,500,1.345369634878652e-07,0.05074021167246317,0.0008623030598335384,0.958,,,,1.0,3.860198601684979e-05,2.6123573605246157e-05,0.00897061870775924,,,,semisynthetic,0.0,,,lo,0.0,LO
semisynthetic,dial=0.0,0.2,64000,500,allunits_crossfit,2,SI,,,,,sandwich,0.05,ATE,42,0.00026514860512668833,500,9.403877512859093e-06,3.5466441576661922,0.00015264182204949338,0.976,,,,5.6491926541203155,6.820206469396295e-06,4.952083386080494e-06,0.006844559883586383,,,,semisynthetic,0.0,,,si,0.0,SI
semisynthetic,dial=0.0,0.2,64000,500,allunits_crossfit,3,PPI++,exact,False,False,exact,,0.05,ATE,42,0.00026514860512668833,500,1.6148700528437557e-05,6.090433898651546,0.0008114727800316307,0.942,,,,1.0626395377056597,3.631931676046379e-05,2.5566451394933048e-05,0.010453324829928518,,,,semisynthetic,0.0,,,ppi,0.0,PPI++
semisynthetic,dial=0.0,0.2,64000,500,allunits_crossfit,-1,SI--PPI++ diagnostic (two-sided),,,,,,0.05,ATE,42,0.00026514860512668833,500,,,,,,0.062,,,,,,,0.010784804124322332,,semisynthetic,0.0,6.7448230155784646e-06,0.018304942459398923,diagnostic,0.0,
semisynthetic,dial=0.5,0.2,64000,500,allunits_crossfit,0,Labeled-Only,,,,,,0.05,ATE,42,0.0005699942522626359,500,-1.0581523446637092e-05,-1.8564263419557168,0.0008561930065848278,0.958,,,,1.0,3.8325535679790784e-05,2.4445800026762283e-05,0.00897061870775924,,,,semisynthetic,0.5,,,lo,0.5,LO
semisynthetic,dial=0.5,0.2,64000,500,allunits_crossfit,2,SI,,,,,sandwich,0.05,ATE,42,0.0005699942522626359,500,-0.0002938852305044434,-51.55933228060518,0.0003383865903250551,0.55,,,,2.530221442174663,7.509106802828567e-06,6.9631921127347256e-06,0.022248595461286987,,,,semisynthetic,0.5,,,si,0.5,SI
semisynthetic,dial=0.5,0.2,64000,500,allunits_crossfit,3,PPI++,exact,False,False,exact,,0.05,ATE,42,0.0005699942522626359,500,6.8063499776007775e-06,1.1941085283899704,0.0008016846748070236,0.944,,,,1.0679922337182324,3.588704142619592e-05,2.405692541068664e-05,0.010282412168358165,,,,semisynthetic,0.5,,,ppi,0.5,PPI++
semisynthetic,dial=0.5,0.2,64000,500,allunits_crossfit,-1,SI--PPI++ diagnostic (two-sided),,,,,,0.05,ATE,42,0.0005699942522626359,500,,,,,,0.052,,,,,,,0.00992935043192655,,semisynthetic,0.5,0.00030069158048204417,0.38670471938043904,diagnostic,0.5,
semisynthetic,dial=1.0,0.2,64000,500,allunits_crossfit,0,Labeled-Only,,,,,,0.05,ATE,42,0.0009103704672140336,500,-5.7474229057506766e-05,-6.313279167918595,0.0009122381623929213,0.952,,,,1.0,4.0756257198646225e-05,3.108155979410147e-05,0.009559916317625384,,,,semisynthetic,1.0,,,lo,1.0,LO
semisynthetic,dial=1.0,0.2,64000,500,allunits_crossfit,2,SI,,,,,sandwich,0.05,ATE,42,0.0009103704672140336,500,-0.0006144188615508713,-67.49108013478843,0.0006396063123547001,0.084,,,,1.4262494674802872,7.956003439571912e-06,7.998455298216873e-06,0.012405160216619535,,,,semisynthetic,1.0,,,si,1.0,SI
semisynthetic,dial=1.0,0.2,64000,500,allunits_crossfit,3,PPI++,exact,False,False,exact,,0.05,ATE,42,0.0009103704672140336,500,-3.704280810347265e-05,-4.068981742875855,0.0008495152988252522,0.948,,,,1.0738337068848613,3.7993356483544656e-05,2.9523457451411283e-05,0.009929350431926557,,,,semisynthetic,1.0,,,ppi,1.0,PPI++
semisynthetic,dial=1.0,0.2,64000,500,allunits_crossfit,-1,SI--PPI++ diagnostic (two-sided),,,,,,0.05,ATE,42,0.0009103704672140336,500,,,,,,0.1,,,,,,,0.01341640786499874,,semisynthetic,1.0,0.0005773760534473985,0.7075429191597231,diagnostic,1.0,
semisynthetic,dial=1.5,0.2,64000,500,allunits_crossfit,0,Labeled-Only,,,,,,0.05,ATE,42,0.0012899251796982525,500,3.628651447264818e-05,2.813071257445843,0.0009688175170402902,0.948,,,,1.0,4.333979714322519e-05,3.02155587982667e-05,0.009929350431926557,,,,semisynthetic,1.5,,,lo,1.5,LO
semisynthetic,dial=1.5,0.2,64000,500,allunits_crossfit,2,SI,,,,,sandwich,0.05,ATE,42,0.0012899251796982525,500,-0.0009622221758538614,-74.59519288389662,0.0009787638473989294,0.004,,,,0.9898378649915691,8.02140838790055e-06,7.94841355608167e-06,0.002822764602300376,,,,semisynthetic,1.5,,,si,1.5,SI
semisynthetic,dial=1.5,0.2,64000,500,allunits_crossfit,3,PPI++,exact,False,False,exact,,0.05,ATE,42,0.0012899251796982525,500,3.453261943937764e-05,2.6771025159347404,0.0009120873980797894,0.942,,,,1.0621981172856179,4.080136446917337e-05,2.7912786780226595e-05,0.010453324829928518,,,,semisynthetic,1.5,,,ppi,1.5,PPI++
semisynthetic,dial=1.5,0.2,64000,500,allunits_crossfit,-1,SI--PPI++ diagnostic (two-sided),,,,,,0.05,ATE,42,0.0012899251796982525,500,,,,,,0.236,,,,,,,0.018989681408596616,,semisynthetic,1.5,0.000996754795293239,1.1729538756921822,diagnostic,1.5,
semisynthetic,dial=2.0,0.2,64000,500,allunits_crossfit,0,Labeled-Only,,,,,,0.05,ATE,42,0.0017125416966740292,500,-4.3261522819001516e-05,-2.5261588026160657,0.000972630400402977,0.942,,,,1.0,4.3497825169217095e-05,3.05864509582221e-05,0.010453324829928518,,,,semisynthetic,2.0,,,lo,2.0,LO
semisynthetic,dial=2.0,0.2,64000,500,allunits_crossfit,2,SI,,,,,sandwich,0.05,ATE,42,0.0017125416966740292,500,-0.0013555149201977756,-79.15222869202867,0.0013680195520648511,0.0,,,,0.7109769731981648,8.261361394470516e-06,8.109486585622643e-06,0.0,,,,semisynthetic,2.0,,,si,2.0,SI
semisynthetic,dial=2.0,0.2,64000,500,allunits_crossfit,3,PPI++,exact,False,False,exact,,0.05,ATE,42,0.0017125416966740292,500,-3.526759468675717e-05,-2.059371445101235,0.0009118474986273486,0.94,,,,1.0666590651036802,4.0789357170132404e-05,2.833833469843154e-05,0.010620734437881408,,,,semisynthetic,2.0,,,ppi,2.0,PPI++
semisynthetic,dial=2.0,0.2,64000,500,allunits_crossfit,-1,SI--PPI++ diagnostic (two-sided),,,,,,0.05,ATE,42,0.0017125416966740292,500,,,,,,0.354,,,,,,,0.021386163751360363,,semisynthetic,2.0,0.0013202473255110184,1.5059747488182202,diagnostic,2.0,
