dgp,config_name,pi_L,n,R,protocol,method_id,method_label,lambda_rule,clip,per_arm,variance,si_variance,alpha,target,seed,true_tau,n_valid,bias,rel_bias,rmse,coverage,ci_width,rejection,cdr,relative_efficiency,mc_se_bias,mc_se_rmse,mc_se_coverage,mc_se_ci_width,mc_se_rejection,mc_se_cdr,analysis,c,mean_w,method_key,param_dgp_id,param_rho,ppi_variance,rho,switch_alpha,switch_ppi_fraction,table_label
1,DGP1_piL0.05,0.05,10000,2000,allunits_crossfit,2,SI,,,,,sandwich,0.05,ATE,42,0.14999999999999994,2000,-0.00023733721000468767,-0.15822480666979183,0.0254316524266404,0.9495,0.09948628342463854,,,,0.0005687864864188162,0.00039314892366639333,0.0048964145045124596,8.342780407171999e-05,,,switch_vs_hybrid,,,si,1,,,,,,SI
1,DGP1_piL0.05,0.05,10000,2000,allunits_crossfit,3,PPI++,exact,False,False,exact,,0.05,ATE,42,0.14999999999999994,2000,0.0007596676930356819,0.5064451286904548,0.0964698731226285,0.9405,0.3665728683225653,,,,0.002157604526156669,0.001598565391302166,0.005289600646551685,0.00025309964693645814,,,switch_vs_hybrid,,,ppi,1,,,,,,PPI++
1,DGP1_piL0.05,0.05,10000,2000,allunits_crossfit,-1,Switch,,,,,,0.05,ATE,42,0.14999999999999994,2000,0.0010759895488452792,0.7173263658968531,0.06843528830038033,0.8985,0.12768241254252527,,,,0.0015304530730891222,0.0022155258313187984,0.006752693906878944,0.001834609220347938,,,switch_vs_hybrid,,,switch,1,,,,0.1,0.106,Switch
1,DGP1_piL0.05,0.05,10000,2000,allunits_crossfit,-1,Hybrid,,,,,,0.05,ATE,42,0.14999999999999994,2000,0.00039651828308545856,0.2643455220569725,0.06407033043262943,0.9405,0.28303384967233647,,,,0.0014329869969282457,0.001615245168675419,0.005289600646551685,0.0006569447218065322,,,switch_vs_hybrid,1.5,0.7095083826721238,hybrid,1,,,,,,Hybrid
1,DGP1_piL0.05,0.05,10000,2000,allunits_crossfit,-1,SI--PPI++ diagnostic (two-sided),,,,,,0.1,ATE,42,0.14999999999999994,2000,,,,,,0.106,,,,,,,0.0068834584330843464,,switch_vs_hybrid,,,diagnostic,1,,bootstrap (B=200),,,,
1,DGP1_piL0.20,0.2,10000,2000,allunits_crossfit,2,SI,,,,,sandwich,0.05,ATE,42,0.14999999999999994,2000,0.00035379189672243226,0.2358612644816216,0.024572567542978808,0.9485,0.09664803673979781,,,,0.0005495397623914572,0.00038755492121775504,0.004942051699446293,4.265107607783796e-05,,,switch_vs_hybrid,,,si,1,,,,,,SI
1,DGP1_piL0.20,0.2,10000,2000,allunits_crossfit,3,PPI++,exact,False,False,exact,,0.05,ATE,42,0.14999999999999994,2000,0.00034529357739808376,0.2301957182653893,0.050104299597888494,0.9545,0.19991613796571567,,,,0.001120619783700073,0.0008151255340333151,0.004659922209651143,6.415871424315804e-05,,,switch_vs_hybrid,,,ppi,1,,,,,,PPI++
1,DGP1_piL0.20,0.2,10000,2000,allunits_crossfit,-1,Switch,,,,,,0.05,ATE,42,0.14999999999999994,2000,0.00045030647718372584,0.300204318122484,0.03769693794064836,0.921,0.10609840928621833,,,,0.0008430798116864657,0.0009731203663686602,0.006031542091372652,0.0006668598500266363,,,switch_vs_hybrid,,,switch,1,,,,0.1,0.0915,Switch
1,DGP1_piL0.20,0.2,10000,2000,allunits_crossfit,-1,Hybrid,,,,,,0.05,ATE,42,0.14999999999999994,2000,0.00023267121971132487,0.15511414647421665,0.036272458020719406,0.96,0.16346572765874276,,,,0.0008112629729562601,0.0007364107802603016,0.004381780460041331,0.00032565064814889266,,,switch_vs_hybrid,1.5,0.7213247765099046,hybrid,1,,,,,,Hybrid
1,DGP1_piL0.20,0.2,10000,2000,allunits_crossfit,-1,SI--PPI++ diagnostic (two-sided),,,,,,0.1,ATE,42,0.14999999999999994,2000,,,,,,0.0915,,,,,,,0.00644700511865781,,switch_vs_hybrid,,,diagnostic,1,,bootstrap (B=200),,,,
2,DGP2_rho0.0_piL0.20,0.2,10000,2000,allunits_crossfit,2,SI,,,,,sandwich,0.05,ATE,42,0.14999999999999994,2000,0.0006175284532772018,0.41168563551813475,0.025354794686636848,0.9415,0.09670206552593759,,,,0.0005669240138891743,0.00040115796935868606,0.0052477495176503994,4.284953913396391e-05,,,switch_vs_hybrid,,,si,2,0.0,,0.0,,,SI
2,DGP2_rho0.0_piL0.20,0.2,10000,2000,allunits_crossfit,3,PPI++,exact,False,False,exact,,0.05,ATE,42,0.14999999999999994,2000,0.0008666433689444595,0.5777622459629732,0.0518918622174181,0.9435,0.20016073697282247,,,,0.0011604656337327796,0.0008466736054860394,0.005162739098579358,6.391583793657699e-05,,,switch_vs_hybrid,,,ppi,2,0.0,,0.0,,,PPI++
2,DGP2_rho0.0_piL0.20,0.2,10000,2000,allunits_crossfit,-1,Switch,,,,,,0.05,ATE,42,0.14999999999999994,2000,0.00038091326537220905,0.25394217691480614,0.03924239617887869,0.908,0.10662812693880397,,,,0.000877664758997854,0.0010047712852229562,0.006462816723379983,0.000685075415493676,,,switch_vs_hybrid,,,switch,2,0.0,,0.0,0.1,0.096,Switch
2,DGP2_rho0.0_piL0.20,0.2,10000,2000,allunits_crossfit,-1,Hybrid,,,,,,0.05,ATE,42,0.14999999999999994,2000,0.0006962712637945983,0.4641808425297324,0.03787829547750806,0.9505,0.16399454577535993,,,,0.0008470531192302578,0.0007681027794448965,0.004850244839180801,0.0003345149680093331,,,switch_vs_hybrid,1.5,0.7165269948139762,hybrid,2,0.0,,0.0,,,Hybrid
2,DGP2_rho0.0_piL0.20,0.2,10000,2000,allunits_crossfit,-1,SI--PPI++ diagnostic (two-sided),,,,,,0.1,ATE,42,0.14999999999999994,2000,,,,,,0.096,,,,,,,0.006587260432076449,,switch_vs_hybrid,,,diagnostic,2,0.0,bootstrap (B=200),0.0,,,
2,DGP2_rho0.2_piL0.20,0.2,10000,2000,allunits_crossfit,2,SI,,,,,sandwich,0.05,ATE,42,0.1875,2000,-0.037998907648634186,-20.266084079271565,0.045178232817072,0.654,0.09684272661678807,,,,0.0005465594502049798,0.0004989129965329567,0.010636822833910509,4.252458103447468e-05,,,switch_vs_hybrid,,,si,2,0.2,,0.2,,,SI
2,DGP2_rho0.2_piL0.20,0.2,10000,2000,allunits_crossfit,3,PPI++,exact,False,False,exact,,0.05,ATE,42,0.1875,2000,-0.0021857651206623626,-1.1657413976865934,0.05049449930582164,0.9585,0.1999937598727991,,,,0.00112831511245217,0.0007905496228299057,0.004459694496263168,6.497670851631033e-05,,,switch_vs_hybrid,,,ppi,2,0.2,,0.2,,,PPI++
2,DGP2_rho0.2_piL0.20,0.2,10000,2000,allunits_crossfit,-1,Switch,,,,,,0.05,ATE,42,0.1875,2000,-0.018764526818334865,-10.007747636445261,0.051481317429686646,0.699,0.11773785620175001,,,,0.0010722332446140169,0.0006910592433153242,0.010256680749638258,0.0009299176810649936,,,switch_vs_hybrid,,,switch,2,0.2,,0.2,0.1,0.203,Switch
2,DGP2_rho0.2_piL0.20,0.2,10000,2000,allunits_crossfit,-1,Hybrid,,,,,,0.05,ATE,42,0.1875,2000,-0.015706277655502594,-8.37668141626805,0.04347825247627071,0.9345,0.1693496532027105,,,,0.0009067782329109695,0.0006564881864120641,0.005532167296819575,0.0003959076195650472,,,switch_vs_hybrid,1.5,0.6321141181493003,hybrid,2,0.2,,0.2,,,Hybrid
2,DGP2_rho0.2_piL0.20,0.2,10000,2000,allunits_crossfit,-1,SI--PPI++ diagnostic (two-sided),,,,,,0.1,ATE,42,0.1875,2000,,,,,,0.203,,,,,,,0.00899419257076476,,switch_vs_hybrid,,,diagnostic,2,0.2,bootstrap (B=200),0.2,,,
2,DGP2_rho0.4_piL0.20,0.2,10000,2000,allunits_crossfit,2,SI,,,,,sandwich,0.05,ATE,42,0.25,2000,-0.09959691693842765,-39.838766775371056,0.10265351745902786,0.0225,0.09710756009718988,,,,0.0005561061216572901,0.0005430476260063832,0.0033161536454151216,4.299656183990714e-05,,,switch_vs_hybrid,,,si,2,0.4,,0.4,,,SI
2,DGP2_rho0.4_piL0.20,0.2,10000,2000,allunits_crossfit,3,PPI++,exact,False,False,exact,,0.05,ATE,42,0.25,2000,-0.000886236645834291,-0.3544946583337164,0.05008188199135416,0.962,0.2000174714884974,,,,0.001119969602336077,0.0007691208718298204,0.004275277768753747,6.335079957779157e-05,,,switch_vs_hybrid,,,ppi,2,0.4,,0.4,,,PPI++
2,DGP2_rho0.4_piL0.20,0.2,10000,2000,allunits_crossfit,-1,Switch,,,,,,0.05,ATE,42,0.25,2000,-0.014252851868119424,-5.70114074724777,0.06613404053269704,0.7055,0.17065979160849992,,,,0.0014444123126266142,0.000891328635868497,0.010192392996740265,0.001040018070146314,,,switch_vs_hybrid,,,switch,2,0.4,,0.4,0.1,0.716,Switch
2,DGP2_rho0.4_piL0.20,0.2,10000,2000,allunits_crossfit,-1,Hybrid,,,,,,0.05,ATE,42,0.25,2000,-0.022440743188309922,-8.976297275323969,0.05610347941457364,0.931,0.19440601788589537,,,,0.001150073066295274,0.0007624512962025902,0.0056674068144081545,0.00039386603764932993,,,switch_vs_hybrid,1.5,0.30308114509729694,hybrid,2,0.4,,0.4,,,Hybrid
2,DGP2_rho0.4_piL0.20,0.2,10000,2000,allunits_crossfit,-1,SI--PPI++ diagnostic (two-sided),,,,,,0.1,ATE,42,0.25,2000,,,,,,0.716,,,,,,,0.010083253443209686,,switch_vs_hybrid,,,diagnostic,2,0.4,bootstrap (B=200),0.4,,,
9,DGP9_piL0.20,0.2,10000,2000,allunits_crossfit,2,SI,,,,,sandwich,0.05,ATE,42,0.4100000000000001,2000,-0.49725092765996654,-121.28071406340644,0.4974981855924643,0.0,0.06069956424464297,,,,0.00035077246928887415,0.00035071158953960065,0.0,3.977618506729417e-05,,,switch_vs_hybrid,,,si,9,,,,,,SI
9,DGP9_piL0.20,0.2,10000,2000,allunits_crossfit,3,PPI++,exact,False,False,exact,,0.05,ATE,42,0.4100000000000001,2000,0.0026465953233550396,0.6455110544768389,0.04766971388231572,0.952,0.18607676035523377,,,,0.0010645492990055115,0.0007458774563586672,0.004779958158812692,6.109488818008975e-05,,,switch_vs_hybrid,,,ppi,9,,,,,,PPI++
9,DGP9_piL0.20,0.2,10000,2000,allunits_crossfit,-1,Switch,,,,,,0.05,ATE,42,0.4100000000000001,2000,0.0026465953233550396,0.6455110544768389,0.04766971388231572,0.952,0.18607676035523377,,,,0.0010645492990055115,0.0007458774563586672,0.004779958158812692,6.109488818008975e-05,,,switch_vs_hybrid,,,switch,9,,,,0.1,1.0,Switch
9,DGP9_piL0.20,0.2,10000,2000,allunits_crossfit,-1,Hybrid,,,,,,0.05,ATE,42,0.4100000000000001,2000,-0.0032942660401104567,-0.80347952197816,0.04820481977191103,0.9485,0.18748974295103357,,,,0.0010756415446681147,0.0007570198625914596,0.004942051699446293,7.317633992840932e-05,,,switch_vs_hybrid,1.5,0.012075662503469423,hybrid,9,,,,,,Hybrid
9,DGP9_piL0.20,0.2,10000,2000,allunits_crossfit,-1,SI--PPI++ diagnostic (two-sided),,,,,,0.1,ATE,42,0.4100000000000001,2000,,,,,,1.0,,,,,,,0.0,,switch_vs_hybrid,,,diagnostic,9,,bootstrap (B=200),,,,
